"grappe","vague","coordonnes_gps__Latitude","coordonnes_gps__Longitude","coordonnes_gps__Accuracy","coordonnes_gps__Altitude","coordonnes_gps__Timestamp"
231,1,13.4877364709973,7.09064005874097,36,351,"2018-11-25T16:45:33"
409,1,13.5213525,8.8432272,31,442,"2018-11-04T09:42:40"
89,1,14.1806943062693,11.7501578852534,27,391,"2018-11-29T16:24:38"
249,1,14.6141363,6.0353885,39,522,"2018-10-25T16:53:09"
165,1,14.2525495,6.8101501,27,411,"2018-11-05T08:50:50"
141,1,11.8919016933069,3.44534835778177,33,193,"2018-11-23T06:34:55"
275,1,13.7396614,5.9219595,39,320,"2018-12-11T13:45:08"
489,1,13.4681631,2.140158,26,209,"2018-12-15T14:00:39"
95,1,15.2685056,12.177975,15,390,"2018-10-18T16:30:12"
185,1,13.6349308,6.9375214,15,339,"2018-10-16T18:28:20"
273,1,14.3091720761731,6.44638711586595,50,438,"2018-12-09T08:41:34"
283,1,14.8328413,4.9738155,43,363,"2018-11-27T10:34:11"
435,1,13.8224822,8.995173,21,451,"2018-10-12T08:26:50"
111,1,13.1807663,2.8271216,18,225,"2018-11-03T15:20:30"
29,1,16.9766897,7.9784065,39,507,"2018-12-17T14:51:01"
239,1,13.794509,5.0867899,31,275,"2018-11-20T14:24:13"
403,1,13.2069272,9.4096633,24,390,"2018-12-13T09:18:30"
187,1,13.5453233,6.8159345,16,377,"2018-10-12T14:14:30"
287,1,14.8491629,5.5647656,45,438,"2018-11-17T16:29:39"
19,1,18.0641901,8.7117592,35,923,"2018-12-05T15:46:14"
149,1,13.5583696,3.313858,24,271,"2018-10-10T14:16:49"
58,1,13.4447981,12.3754025,37,327,"2018-11-24T13:11:39"
61,1,13.3098086,12.6146714,44,333,"2018-10-07T15:47:01"
423,1,14.8605123,8.3193971,27,406,"2018-10-23T10:02:40"
63,1,13.313158,12.6125855,14,313,"2018-10-11T08:39:20"
341,1,13.2566836,2.3567448,36,187,"2018-10-31T07:30:01"
331,1,13.6622178,1.7706519,35,223,"2018-10-15T15:25:09"
139,1,12.5321860983968,2.9456589370966,25,174,"2018-10-28T10:41:15"
13,1,17.8371368,7.4520385,17,446,"2018-10-29T08:28:00"
41,1,17.5486955,8.9480757,28,852,"2018-10-10T06:18:08"
285,1,14.5479253493249,4.8666481487453,43,305,"2018-11-30T11:53:05"
453,1,,,,,"##N/A##"
135,1,13.3251448,3.4730874,33,285,"2018-11-24T08:42:03"
153,1,12.8087663,3.8944509,48,241,"2018-11-16T15:39:38"
267,1,13.9674356,6.2077031,46,313,"2018-12-04T19:42:09"
495,1,13.483611,2.0927245,44,136,"2018-12-13T15:26:10"
269,1,13.7293259287253,6.05801129713655,37,310,"2018-12-03T19:52:31"
22,1,15.670731,7.1601294,15,506,"2018-10-25T17:14:50"
417,1,13.9694066,9.0854641,40,484,"2018-11-07T13:49:08"
67,1,13.3678556,12.737749,19,312,"2018-11-13T07:18:12"
17,1,18.4434643,8.9374406,23,963,"2018-12-09T11:15:39"
294,1,15.9023063,5.7989647,17,426,"2018-11-02T19:18:38"
493,1,13.5134648,2.0645448,28,208,"2018-10-09T09:58:49"
333,1,13.2949838,2.2986341,40,244,"2018-11-27T10:42:31"
155,1,13.2633562,4.0163059,25,271,"2018-11-08T07:43:41"
101,1,14.2506938,13.1093189,28,254,"2018-10-28T16:57:45"
429,1,14.6689522,9.0213512,39,490,"2018-11-01T06:46:31"
51,1,17.1561907,8.3621994,39,627,"2018-11-22T17:38:02"
233,1,15.2619795,5.8903097,13,438,"2018-11-05T07:47:20"
5,1,18.7482866,7.3963455,46,509,"2018-10-17T10:15:09"
39,1,17.1265177,8.0787031,39,607,"2018-11-27T07:17:38"
219,1,14.1949067,8.212115,33,439,"2018-10-20T20:07:20"
379,1,13.1807045079768,9.9054957088083,48,365,"2018-11-13T06:32:58"
491,1,13.5114845,2.1796927,36,276,"2018-12-18T16:24:33"
75,1,13.7215626,11.1246054,21,376,"2018-12-07T07:43:40"
151,1,13.0353993,3.9643025,31,97,"2018-11-14T13:26:40"
351,1,13.853632863611,0.755911963060498,49,263,"2018-11-10T16:28:32"
163,1,13.5501815,7.4426388,25,418,"2018-11-21T14:48:02"
9,1,18.7339506,7.4038034,25,448,"2018-10-16T08:27:08"
133,1,12.4013224,3.0461028,28,119,"2018-11-16T15:52:52"
290,1,14.643707,4.6480113,45,315,"2018-12-03T08:26:42"
471,1,13.5174616,2.1302315,29,233,"2018-12-14T10:29:03"
325,1,,,,,"##N/A##"
415,1,13.6731575,9.2070557,14,436,"2018-10-11T15:15:51"
251,1,14.6242057,6.2125707,37,448,"2018-10-29T17:10:01"
303,1,14.7492946218699,0.882895868271589,45,227,"2018-10-23T13:57:47"
281,1,13.9083916,5.4507053,35,311,"2018-12-06T08:41:41"
271,1,14.097560159862,6.07033730484545,31,330,"2018-12-06T16:46:14"
279,1,14.0486185,5.2802888,16,303,"2018-12-09T14:23:12"
62,1,13.3088842,12.5941518,15,351,"2018-10-14T15:05:20"
193,1,13.3192701,7.5535879,15,476,"2018-11-27T18:18:52"
157,1,13.1844214,4.0674347,40,260,"2018-11-11T08:03:11"
121,1,13.4904305,4.0045366,43,264,"2018-11-05T15:15:24"
335,1,14.2193489,2.1291345,41,251,"2018-10-11T11:38:31"
159,1,13.542674,7.8167481,31,438,"2018-11-18T14:37:32"
171,1,13.9162463,6.5807057,17,358,"2018-10-07T10:20:12"
413,1,13.6370219,9.470182,47,467,"2018-10-15T15:11:10"
179,1,13.3661367,7.7252412,38,457,"2018-11-11T08:13:15"
441,1,13.5570744657889,2.10326065309346,30,261,"2018-12-16T12:28:42"
339,1,14.4494541,2.1826612,33,322,"2018-10-07T15:50:02"
237,1,14.3449088,4.739486,17,304,"2018-10-09T17:32:09"
427,1,15.1730632,8.6631533,16,502,"2018-10-25T18:57:55"
201,1,13.4466756,7.0885567,44,351,"2018-11-20T10:22:03"
367,1,13.8345482340083,9.64329292997718,48,427,"2018-11-06T10:25:33"
243,1,13.9268295513466,5.32618263736367,35,301,"2018-11-17T13:03:28"
123,1,13.8383026,3.9671428,30,268,"2018-10-15T13:34:31"
45,1,17.2672554245219,7.83347859978676,32,552,"2018-11-03T08:10:44"
319,1,13.9262632280588,1.02760557085276,36,250,"2018-11-07T08:27:01"
381,1,13.7449615,10.7046495,24,367,"2018-11-20T07:34:01"
297,1,14.88001,5.2476925,22,393,"2018-11-10T16:57:11"
437,1,13.8088845,8.9794332,44,457,"2018-10-12T15:10:14"
395,1,13.1810162,8.8850716,19,436,"2018-11-10T14:57:30"
85,1,13.4231727,11.3855346,26,342,"2018-12-11T14:41:19"
481,1,13.4931309,2.1482383,28,250,"2018-12-17T13:56:50"
385,1,13.502188,8.4625328,35,479,"2018-10-23T15:15:13"
37,1,17.8825968,8.1844591,33,660,"2018-12-02T13:55:31"
91,1,15.527935,12.5773138,14,380,"2018-10-22T06:01:40"
223,1,13.5840091668069,7.89489733055234,48,405,"2018-10-17T20:14:28"
181,1,13.4538753,7.9072004,17,426,"2018-10-27T14:50:00"
477,1,13.5368384,2.1318858,28,254,"2018-12-17T13:43:38"
43,1,17.5168187,8.6482741,43,841,"2018-10-08T11:17:18"
221,1,14.2127951,8.0294592,24,463,"2018-10-24T19:18:56"
405,1,13.0703022,8.6566277,25,440,"2018-11-23T15:12:09"
131,1,12.9259421,3.4950958,35,193,"2018-11-22T09:45:10"
97,1,14.1428848,12.9892321,16,305,"2018-11-03T09:31:40"
305,1,13.6198723,2.8484508,27,233,"2018-11-27T12:59:35"
137,1,12.531614,2.8491924,20,197,"2018-10-30T14:07:01"
245,1,14.4047689,5.6998854,28,457,"2018-10-17T15:15:09"
257,1,14.1595153,5.3559988,40,378,"2018-11-28T08:38:01"
327,1,12.9761195,2.4247684,39,240,"2018-12-01T09:46:58"
209,1,13.7489476,7.7791583,32,443,"2018-10-29T07:48:39"
71,1,13.4400867,10.6878625,25,363,"2018-11-23T06:54:00"
487,1,13.4702257,2.1862213,25,280,"2018-12-12T14:10:39"
393,1,13.3027187,8.7869067,21,438,"2018-11-04T06:29:31"
207,1,14.2635201,7.2464723,20,431,"2018-11-02T20:00:08"
79,1,13.9589093,12.3043481,50,356,"2018-11-27T16:57:43"
315,1,13.9688756,2.8605109,26,229,"2018-11-26T12:20:31"
35,1,16.9790132,8.0190375,49,519,"2018-10-16T16:44:20"
357,1,14.2683947,1.3169173,45,245,"2018-10-25T15:51:35"
15,1,18.3180546,7.8221992,26,541,"2018-10-25T20:41:02"
205,1,14.0765991,7.7119323,42,429,"2018-10-31T14:46:09"
321,1,13.7055292,1.556124,32,226,"2018-11-02T08:20:10"
104,1,14.1584138,13.0168997,16,303,"2018-11-06T07:45:10"
479,1,13.4867139,2.1503663,35,248,"2018-12-17T14:04:24"
175,1,13.8549305,7.2061392,14,390,"2018-11-08T07:57:30"
69,1,13.5598273,11.7404473,31,350,"2018-12-03T11:55:56"
195,1,13.4813902,7.3048275,18,432,"2018-11-23T13:55:49"
127,1,12.7821125,3.3030718,23,233,"2018-11-11T13:44:30"
87,1,13.1804017,12.2386202,32,327,"2018-12-06T07:30:04"
301,1,14.4533868,3.9490307,15,281,"2018-11-10T14:54:39"
373,1,13.0636119190603,9.33923897333443,40,402,"2018-12-02T07:51:42"
115,1,13.6281662,4.3626765,37,245,"2018-10-25T17:37:38"
433,1,13.7913064,8.9995153,15,491,"2018-10-17T15:32:39"
73,1,13.5950068105012,11.507421489805,48,346,"2018-12-01T17:20:03"
299,1,14.7023756,3.6973228,20,285,"2018-11-07T15:05:08"
93,1,14.6685549756512,13.6682536639273,39,319,"2018-10-23T17:39:39"
3,1,15.6985395,7.6014561,36,515,"2018-10-28T07:21:08"
88,1,13.2119555,12.0234127,19,327,"2018-12-04T15:03:56"
391,1,13.4211709,8.5353387,19,442,"2018-10-27T05:51:04"
355,1,13.9200546,1.5427447,15,206,"2018-10-28T19:34:39"
211,1,13.8765901,7.6632537,23,418,"2018-11-11T13:52:31"
485,1,13.4698027,2.1620094,27,195,"2018-12-12T15:33:08"
365,1,13.9907585363835,9.27911650389433,49,462,"2018-12-14T16:43:57"
311,1,13.9464681,3.1949099,28,233,"2018-11-22T15:02:14"
317,1,13.8415642,1.3500508,22,239,"2018-11-23T17:41:31"
255,1,14.287498,5.5232284,19,397,"2018-12-10T08:48:22"
407,1,13.287615,8.8470659,20,441,"2018-11-06T15:07:00"
337,1,13.9947099,2.1307791,43,307,"2018-10-16T19:03:57"
411,1,13.8935639,9.1232152,16,449,"2018-10-07T15:41:02"
363,1,13.1144668,1.7964417,47,202,"2018-10-21T16:38:02"
399,1,13.006344,8.933019,18,418,"2018-11-13T07:33:31"
361,1,13.4104515,1.7423936,33,243,"2018-10-22T08:13:40"
263,1,15.0235232,5.7544034,33,473,"2018-11-11T07:52:01"
499,1,13.4935446688905,2.09480809047818,48,185,"2018-12-11T14:55:37"
215,1,13.3290839,8.2709171,29,469,"2018-10-06T10:35:57"
169,1,14.4931645,6.7386487,41,409,"2018-10-22T13:38:11"
425,1,14.4086812,8.9906447,21,550,"2018-10-18T15:54:41"
167,1,14.5322091,7.3169897,30,482,"2018-10-19T18:52:12"
261,1,14.5625014,5.8904336,26,570,"2018-11-02T15:09:09"
383,1,13.7506947945803,9.70955623313785,47,423,"2018-11-08T15:08:03"
483,1,13.5181913198903,2.14364751242101,45,249,"2018-12-17T12:11:40"
117,1,13.6534250713885,4.02393965050578,37,300,"2018-10-29T10:21:19"
307,1,14.573867,0.7328215,18,251,"2018-11-14T13:02:51"
33,1,16.9823701,7.9922394,26,516,"2018-12-19T17:33:32"
419,1,13.7351454002783,8.34047888405621,48,467,"2018-10-31T15:18:41"
143,1,11.983486097306,3.32086795940995,46,228,"2018-11-24T06:40:04"
161,1,13.5093756,7.7811721,18,422,"2018-11-15T11:12:09"
259,1,14.1559441,5.3638199,22,323,"2018-12-15T15:41:09"
31,1,16.9629127113149,7.98144961707294,48,521,"2018-12-18T07:53:25"
189,1,13.5600179,7.4462598,24,400,"2018-11-19T14:40:11"
197,1,13.0834712,7.0899219,35,429,"2018-12-01T08:03:01"
21,1,16.209086,7.1654206,27,540,"2018-10-23T15:38:39"
241,1,13.7847942,5.2571462,37,289,"2018-11-26T09:59:31"
99,1,14.2540239,13.1029716,44,282,"2018-10-31T15:26:10"
343,1,12.8441976,2.3223784,20,210,"2018-10-25T14:31:10"
86,1,13.285814,12.0078309,16,331,"2018-12-08T12:57:07"
313,1,14.2508495,3.6051192,36,271,"2018-11-12T11:21:31"
7,1,18.7369875,7.386967,16,445,"2018-10-21T07:21:02"
105,1,13.1433945,2.9280044,23,201,"2018-11-09T16:07:01"
145,1,12.2470147,3.5215587,48,96,"2018-11-20T09:26:49"
347,1,14.6105102,0.2778706,35,248,"2018-11-15T08:23:35"
272,1,14.0785295,5.9443805,39,353,"2018-12-04T08:19:43"
177,1,13.9287133,6.8585301,26,403,"2018-11-12T16:50:09"
53,1,13.2984527,12.5136234,24,319,"2018-11-17T11:36:02"
247,1,14.439118,5.9479717,34,453,"2018-10-23T13:34:01"
11,1,18.7113985,7.336227,29,421,"2018-10-21T15:29:10"
191,1,13.5260893357918,7.10629921406507,47,339,"2018-11-02T15:41:39"
323,1,13.5373358,2.8138017,36,191,"2018-11-03T14:34:39"
227,1,13.503837,7.0938001,22,384,"2018-10-31T09:07:03"
329,1,,,,,"##N/A##"
421,1,13.8487998,8.6645381,27,497,"2018-11-04T16:45:08"
397,1,12.9823989,8.9814389,35,443,"2018-11-16T09:59:31"
475,1,13.5109065240249,2.1221243776381,49,223,"2018-12-14T11:36:53"
64,1,13.6267406,12.5649246,22,322,"2018-11-09T10:53:11"
401,1,13.213671,8.5004172,21,450,"2018-11-26T06:02:31"
203,1,14.0432992,7.5789055,20,434,"2018-11-07T11:06:09"
229,1,13.4934331,7.095136,42,389,"2018-11-27T15:40:32"
225,1,13.5147971,7.1021754,20,367,"2018-10-31T08:30:41"
49,1,17.0779656,7.5396636,23,440,"2018-12-14T07:44:32"
265,1,14.7965237,5.6526767,44,402,"2018-11-07T17:13:10"
217,1,13.5603751,8.1456305,17,447,"2018-10-11T20:16:48"
431,1,15.3031439,8.9326084,16,476,"2018-10-27T16:24:49"
253,1,14.5156238,5.3681457,21,345,"2018-12-09T09:18:33"
345,1,13.7936343,1.0710751,28,255,"2018-11-23T09:10:39"
77,1,13.5600051563233,11.1771969683468,49,355,"2018-11-26T11:37:36"
359,1,13.122352,1.7984958,21,243,"2018-10-19T18:02:01"
377,1,12.9347679,9.5407886,16,387,"2018-12-07T07:00:00"
473,1,13.5286997118965,2.12476048618555,49,215,"2018-12-14T11:09:09"
349,1,14.2281652987003,0.844838339835405,50,291,"2018-11-18T08:43:18"
497,1,13.4784596,2.1038503,50,214,"2018-12-07T15:44:56"
375,1,13.3597878,9.5141028,32,410,"2018-12-11T06:19:38"
199,1,13.1951826,7.2069152,28,396,"2018-11-17T21:01:01"
387,1,13.459712,8.6851798,18,456,"2018-10-29T08:21:00"
125,1,13.0427117,3.2019548,26,259,"2018-11-28T09:21:38"
25,1,16.9651622,7.9635593,17,521,"2018-11-10T15:30:38"
119,1,14.0466351,4.4387817,20,258,"2018-10-22T07:14:13"
309,1,14.3344509,3.3207003,29,164,"2018-11-18T15:27:38"
439,1,13.7075435,9.0251254,15,469,"2018-10-21T07:59:08"
47,1,17.5840599,7.9451965,29,552,"2018-11-29T11:30:38"
371,1,12.8777922,9.3122054,16,383,"2018-12-04T07:06:00"
129,1,12.46544288937,3.17921312525868,22,234,"2018-11-13T10:52:33"
183,1,13.7163429474458,7.07397809252143,42,383,"2018-11-15T10:11:26"
147,1,13.3918841,3.5581919,29,259,"2018-10-13T15:43:51"
57,1,13.3264850825071,12.4240634031594,46,333,"2018-11-22T10:41:02"
369,1,14.1003686003387,9.74271194078028,47,428,"2018-12-10T15:35:02"
109,1,13.2822141749784,2.91198179125786,20,191,"2018-11-06T14:26:38"
27,1,16.9574466,7.9661261,34,528,"2018-12-20T15:07:41"
107,1,13.18500907626,2.71527897566557,14,264,"2018-10-24T10:39:52"
113,1,12.7586863,3.7394836,35,224,"2018-11-19T15:45:34"
295,1,14.8441329,5.2951492,23,404,"2018-11-19T18:45:26"
173,1,13.9877793565392,6.98487628251314,39,346,"2018-11-10T13:39:35"
213,1,13.7757009,7.5033134,47,402,"2018-11-14T09:11:39"
23,1,16.7850724,6.935759,20,518,"2018-10-20T08:34:56"
284,1,14.5792898,5.3021353,22,354,"2018-11-24T15:46:14"
235,1,15.0963062,5.8360826,15,498,"2018-11-07T15:14:28"
389,1,13.4211709,8.5353387,19,442,"2018-10-27T05:51:04"
443,1,13.5570744657889,2.10326065309346,30,261,"2018-12-16T12:28:42"
445,1,13.5570744657889,2.10326065309346,30,261,"2018-12-16T12:28:42"
447,1,13.5570744657889,2.10326065309346,30,261,"2018-12-16T12:28:42"
449,1,13.5570744657889,2.10326065309346,30,261,"2018-12-16T12:28:42"
451,1,13.5570744657889,2.10326065309346,30,261,"2018-12-16T12:28:42"
455,1,,,,,"##N/A##"
457,1,,,,,"##N/A##"
459,1,,,,,"##N/A##"
461,1,,,,,"##N/A##"
463,1,,,,,"##N/A##"
465,1,,,,,"##N/A##"
467,1,,,,,"##N/A##"
469,1,13.5174616,2.1302315,29,233,"2018-12-14T10:29:03"
250,2,14.2589277215302,6.30212131887674,5,397,"2019-06-15T15:15:51"
358,2,14.2269818369887,1.44095521921224,6,228.58292468003,"2019-05-02T09:36:01"
382,2,13.8260308373719,9.85780418850482,18,407,"2019-05-13T13:49:00"
400,2,13.0627924,8.7964047,49,439,"2019-06-06T14:18:56"
68,2,14.1575849434588,11.198113017197,8,372.000249048644,"2019-05-09T08:59:50"
434,2,13.8130336458935,8.99788376316881,8,483.599939609419,"2019-06-22T16:12:48"
498,2,13.5065736668184,2.0780688431114,14,219,"2019-06-20T08:19:02"
186,2,13.5989922378212,6.4827729575336,19,319,"2019-05-29T06:23:17"
100,2,14.2531017120928,13.1154462788254,46,304,"2019-05-16T15:31:32"
232,2,15.4677172,6.2911076,36,458,"2019-05-27T09:57:03"
260,2,14.6470801625401,5.72861515916884,4,440,"2019-06-27T15:36:22"
388,2,13.506397,8.6229026,27,443,"2019-06-24T15:51:55"
8,2,18.7388096,7.4003153,48,451,"2019-06-17T08:38:17"
74,2,13.4762732787546,10.9511486734238,8,351.620667028036,"2019-05-19T14:20:22"
80,2,13.6902856902541,11.9503229042505,6,349.30097198759,"2019-04-24T09:20:15"
258,2,14.4291259115562,5.12463700957596,7,317,"2019-07-04T16:40:48"
264,2,14.7662331908941,5.77698284760118,4,433,"2019-07-02T16:52:09"
348,2,14.2492156272654,1.00347587624889,24,291.070689049599,"2019-06-14T10:26:48"
484,2,13.5181992760144,2.14377843698696,48,230.355748234259,"2019-07-01T10:02:49"
390,2,13.2385871,8.4830317,48,509,"2019-06-15T17:37:01"
182,2,13.6691014934331,6.99157308787107,32,377,"2019-04-24T14:55:09"
118,2,13.6444804918232,4.02609138643078,32,252.77869136656,"2019-05-16T09:11:50"
316,2,13.8968232,3.0709822,23,224,"2019-06-13T08:56:26"
340,2,14.5543998,1.8588995,23,252,"2019-04-20T08:44:01"
130,2,13.1248541269451,3.29910241998732,38,223,"2019-06-06T06:41:39"
412,2,13.3731356868486,9.17857249360355,8,399.248053886168,"2019-05-29T08:59:48"
103,2,14.2350217374042,13.0562193319201,19,314,"2019-05-17T13:01:32"
291,2,15.5115936,5.4252356,19,529,"2019-05-16T09:00:38"
468,2,13.5376227507368,2.14442485012114,45,244,"2019-07-02T09:25:30"
40,2,17.9131943,8.8397127,37,1098,"2019-05-20T19:39:19"
138,2,12.3026291560382,2.99011596478522,44,187,"2019-04-21T16:55:38"
81,2,14.2351405834064,11.6201099469557,6,380.193795703299,"2019-04-26T07:21:59"
384,2,14.1080237925053,10.6324098072946,42,402,"2019-05-06T20:20:33"
14,2,18.2641201140359,7.84084771759808,43,540,"2019-05-29T20:57:28"
322,2,13.9679670156351,1.40535404748735,16,236.567132816982,"2019-06-09T15:22:00"
198,2,13.2203906401992,7.03403656370938,16,400,"2019-05-07T07:19:31"
450,2,13.5465698037297,2.04958621412516,4,231,"2019-06-30T09:49:08"
4,2,18.7536606,7.3860897,19,467,"2019-06-16T10:04:23"
46,2,17.6965454081073,7.5857556425035,50,413,"2019-06-21T07:31:33"
360,2,12.834805276915,1.68707142566026,16,225.5532432182,"2019-05-22T17:55:10"
122,2,13.8516081001681,4.04725519268672,32,336.84721518186,"2019-05-10T10:06:07"
458,2,13.5492435282629,2.12355195581073,12,172.634337071829,"2019-06-11T10:26:19"
262,2,14.8840482579544,5.92445321381092,4,496,"2019-06-29T15:46:31"
344,2,12.7382685627756,1.99320727699347,48,211.670308869627,"2019-05-18T09:03:35"
174,2,14.1646076319739,6.98378244414926,33,400,"2019-05-31T07:59:25"
356,2,14.3505141011734,1.25726957807026,16,229.532610336265,"2019-04-27T18:22:30"
328,2,13.3365911119726,2.31809638990003,8,214.95600312757,"2019-06-03T10:18:00"
310,2,14.3275847,2.826735,17,250,"2019-06-09T16:15:49"
470,2,13.5157946823165,2.14050505310297,6,239,"2019-06-28T08:12:20"
472,2,13.5077777691185,2.13569786399603,8,253,"2019-06-26T09:32:18"
256,2,14.4668521746086,5.24445188982795,6,386.192553223142,"2019-04-20T10:34:22"
410,2,13.6145373877316,8.78522578892952,4,438.421001298677,"2019-06-15T12:27:34"
218,2,13.749258806929,8.07739432901144,14,444,"2019-06-02T08:35:32"
154,2,12.8801274485886,3.85539609007537,27,178,"2019-05-17T15:52:10"
438,2,13.7731454507531,8.92700042156749,6,474.944745342121,"2019-06-23T08:58:40"
90,2,13.7812971012345,11.8586988968736,16,355.134134368735,"2019-04-21T14:49:08"
206,2,14.137979792431,7.23286645486951,42,415,"2019-05-25T07:35:31"
234,2,14.883932126686,6.42608799040318,46,429,"2019-05-31T16:50:11"
478,2,13.4979297728349,2.12679983775392,32,253.916584814246,"2019-06-26T09:56:09"
436,2,13.8090899465841,8.98327872119668,8,480.970469424409,"2019-06-21T15:24:36"
170,2,14.5058158412576,6.76691763103008,32,429,"2019-06-13T15:57:18"
96,2,15.2651047892869,13.120279032737,50,310,"2019-05-07T09:41:28"
392,2,13.3117504,8.5183458,21,488,"2019-06-19T09:46:00"
286,2,15.0070517,5.3943281,24,429,"2019-05-13T14:54:38"
488,2,13.4546555,2.1937799,38,231,"2019-04-24T09:08:01"
208,2,13.9444592082873,7.90654063224792,36,406,"2019-06-26T19:34:25"
490,2,13.5287153452294,2.17547523861473,12,236.121459395796,"2019-07-02T09:45:18"
194,2,13.1321469275281,7.2559308540076,30,443,"2019-05-03T15:09:09"
350,2,14.3476367456861,1.20830124734498,16,246.111681713699,"2019-06-13T11:06:25"
703,2,13.3188543,12.6175598,38,326,"2019-04-21T11:42:02"
60,2,13.3205925,12.6091152,25,319,"2019-04-26T15:16:25"
190,2,13.5561890015379,7.07821439020336,35,367,"2019-04-19T17:04:01"
192,2,13.5069614136592,6.74488621763885,31,375,"2019-04-26T15:09:10"
364,2,14.4194014,7.7688641,43,68,"2019-05-05T10:02:39"
65,2,13.4149956330657,12.7689891960472,46,340,"2019-06-02T07:53:26"
26,2,16.9514807,7.9760802,26,507,"2019-06-21T15:28:09"
144,2,11.8042701529339,3.62608775496483,46,205,"2019-05-04T07:22:32"
158,2,13.1451131869107,4.01747066527605,28,223,"2019-05-25T06:58:43"
330,2,13.5229928093031,2.23217683844268,28,228,"2019-05-02T08:58:33"
50,2,17.0699496148154,8.12231336720288,31,560,"2019-05-07T22:15:31"
710,2,14.0066302026032,0.754800208660641,12,265.991258337743,"2019-07-01T11:30:18"
66,2,13.3307969430462,12.5992108974606,3,326,"2019-06-07T07:24:07"
386,2,13.5146675,8.398045,28,437,"2019-06-22T07:17:40"
152,2,13.0832584714517,3.7936903629452,36,225,"2019-05-21T18:08:30"
496,2,13.4825389366597,2.10473938845098,21,201,"2019-06-28T08:40:31"
324,2,13.783529749476,2.25777042938019,32,237.790622376476,"2019-05-30T08:35:13"
418,2,14.1864163381979,8.96498557180166,19,491,"2019-04-18T20:58:30"
298,2,14.9497223,5.0837993,20,386,"2019-04-26T17:20:08"
238,2,13.9624154,4.8946553,39,284,"2019-04-21T14:06:08"
336,2,14.2025731,2.2318056,27,223,"2019-04-27T15:42:08"
24,2,16.5111488,6.5192235,33,445,"2019-06-12T19:54:42"
30,2,16.9772118,7.9863669,20,519,"2019-05-01T18:38:11"
372,2,13.1494178,9.1058772,20,402,"2019-05-26T06:10:47"
368,2,13.8225360028446,9.43468512967229,23,535,"2019-05-17T08:51:32"
432,2,15.2226271480322,11.0138715617359,24,458,"2019-05-01T07:57:45"
224,2,13.7551346048713,7.99384217709303,18,415,"2019-06-10T08:51:25"
318,2,13.7456044362748,1.00032239627614,24,276.020531722733,"2019-07-02T10:42:18"
184,2,13.6652507632971,6.69542720541358,5,357,"2019-05-23T14:12:20"
704,2,13.2232839055359,12.0198417641222,8,340,"2019-06-18T15:44:12"
12,2,18.05666,6.8097272,28,360,"2019-06-19T08:40:56"
288,2,14.6802177,5.3797726,33,352,"2019-05-08T10:11:09"
320,2,13.8961318698068,1.50385444044964,48,212.503757874058,"2019-06-07T08:14:28"
70,2,13.4048799103505,11.261567989357,6,365.431491313732,"2019-05-22T11:10:23"
374,2,13.1029704865068,9.12309902720153,43,380,"2019-05-25T12:18:19"
108,2,12.9308489,2.9647011,17,212,"2019-07-03T09:32:02"
278,2,13.9629264269024,5.67657485604286,4,341,"2019-05-05T09:11:10"
240,2,13.8850009034188,5.18880609280284,32,304.201472353471,"2019-04-28T10:31:08"
156,2,13.2354679657146,4.04256231151521,37,219,"2019-05-28T06:48:39"
408,2,13.7652893012519,8.87667263420198,16,471.615170447108,"2019-06-13T20:21:18"
34,2,16.9749458,7.9918162,24,526,"2019-04-25T15:18:31"
474,2,13.5180005,2.1199914,39,217,"2019-07-04T16:10:01"
274,2,14.1194355022162,6.31443098187447,6,406,"2019-06-13T13:31:24"
378,2,13.5924801276997,10.0311723724008,23,377,"2019-05-11T05:27:31"
128,2,13.2881768932566,3.10100929811597,47,264,"2019-06-12T06:11:51"
166,2,14.4694693107158,6.55845408327878,50,439,"2019-06-17T15:34:41"
102,2,14.4694386,13.4400568,36,316,"2019-05-22T06:13:31"
482,2,13.5014952,2.157412,17,238,"2019-04-19T16:43:04"
132,2,13.2056369399652,3.2585478387773,36,252,"2019-06-09T06:01:31"
454,2,13.5308821058907,2.11853704335155,4,232.106760179685,"2019-07-03T10:23:57"
346,2,14.6148593385569,0.94398907608722,48,225.54636452675,"2019-06-15T17:47:09"
494,2,13.4832376101986,2.0930199790746,39,316,"2019-06-25T09:39:21"
164,2,15.3242727275938,7.25039226002991,39,456,"2019-06-10T06:43:33"
160,2,13.369643879123,7.61778281070292,27,481,"2019-06-19T07:53:08"
456,2,13.5385228786435,2.11735906417702,32,176.371196482946,"2019-06-11T10:55:28"
312,2,13.9977426314726,3.26649270951748,31,251,"2019-06-21T08:37:05"
106,2,,,,,"##N/A##"
402,2,13.0616781,8.4231455,42,500,"2019-06-13T07:01:18"
430,2,14.9694928759709,8.88060973025858,49,537,"2019-05-12T10:42:14"
352,2,14.0095718507451,0.753772987042503,48,289.532482062706,"2019-07-01T16:08:31"
204,2,14.0541991917416,7.29509982280433,12,426,"2019-05-27T13:38:59"
200,2,13.3521640487015,6.96080354042351,22,432,"2019-05-09T15:46:08"
10,2,18.7124654,7.3339144,24,434,"2019-06-16T08:42:23"
56,2,13.1851601600647,12.4240952543914,48,315,"2019-06-10T09:23:27"
162,2,13.5078229894862,7.52125379629433,14,447,"2019-06-21T10:20:04"
306,2,14.5783617193879,0.762298750624372,8,258.979177677056,"2019-06-22T09:41:30"
708,2,14.1878504032818,1.47481401125271,32,209.721714768248,"2019-05-13T09:24:10"
289,2,15.1335465,5.0240808,19,368,"2019-04-20T20:00:38"
276,2,13.8337844,5.8991737,15,300,"2019-05-14T09:10:34"
114,2,13.8065588995124,4.19222721726883,6,310.784542696402,"2019-05-03T09:08:10"
354,2,14.4846871149306,1.09863299989078,24,214.774692310434,"2019-04-20T09:39:01"
124,2,14.12322237624,3.80759967820225,32,311.843476907454,"2019-05-08T12:02:00"
342,2,13.096575511722,2.36389858903478,32,195.961821927442,"2019-05-16T08:13:50"
270,2,14.0138785075396,5.76635928824544,5,424,"2019-05-11T07:41:11"
414,2,13.7147826072216,9.08882282348473,4,461.322065150188,"2019-06-08T07:42:49"
500,2,13.4635464,2.1039766,34,231,"2019-07-08T14:14:33"
428,2,14.7593698790297,8.82146190851927,46,518,"2019-05-15T06:39:42"
326,2,13.6701406448587,1.85858724023884,12,412.712229092019,"2019-07-06T08:00:45"
44,2,17.6871170662344,8.74143677763641,50,1539,"2019-05-13T18:51:38"
16,2,19.066508,8.4179261,18,680,"2019-06-02T22:15:56"
422,2,15.0122107,8.1608846,38,455,"2019-05-08T06:14:38"
2,2,15.6181893,7.8924821,46,469,"2019-06-26T11:28:09"
78,2,13.859957881151,11.2602712185753,12,370.424301240481,"2019-05-15T09:10:27"
252,2,14.2920008674264,5.79136049374938,4,391,"2019-06-23T15:33:23"
304,2,13.6188282,3.0740975,35,240,"2019-06-22T14:52:39"
1,2,16.1075879,8.4328934,32,508,"2019-06-24T12:33:09"
480,2,13.493116043697,2.14828720297256,6,258.775458271335,"2019-06-28T09:28:12"
366,2,13.9772588945925,9.49960900470614,39,459,"2019-04-27T16:46:09"
140,2,11.9358804496005,3.60560221597552,43,185,"2019-04-29T15:57:39"
72,2,13.9795116772363,11.4571203965367,4,367.325826626848,"2019-05-07T14:02:07"
334,2,14.180018,2.5185985,20,284,"2019-04-24T08:40:28"
282,2,15.1938257,5.2707423,48,477,"2019-04-24T09:37:39"
36,2,16.995009,7.8949986,24,505,"2019-06-17T12:45:01"
460,2,13.5533835925911,2.13034463664556,24,253.738473236373,"2019-07-03T10:54:43"
150,2,13.524624,3.1775696,28,244,"2019-06-29T10:39:09"
464,2,13.568873244378,2.11435734605757,12,246.274935809227,"2019-05-31T10:48:30"
466,2,13.5922295799354,2.10878381463818,8,249.505506875492,"2019-05-22T13:34:14"
416,2,13.7292549319432,9.22442408989697,4,422.579434804059,"2019-06-10T10:32:34"
705,2,13.2218434754759,12.0278952643275,7,333,"2019-06-15T15:49:48"
38,2,17.5334706,8.3300127,31,754,"2019-05-11T20:50:11"
476,2,13.5451849875972,2.13790020905435,41,220,"2019-07-09T08:59:02"
220,2,13.9192285900936,8.35743363015354,32,504,"2019-05-29T07:33:39"
404,2,13.551038573496,9.33376860804856,20,447,"2019-05-18T12:37:13"
244,2,13.8853002805263,5.46597300097346,9,316,"2019-04-26T09:16:25"
142,2,11.8857620749623,3.44812519848347,17,221,"2019-05-08T07:53:45"
420,2,13.8711492391303,8.8607328850776,17,487,"2019-05-22T10:01:38"
296,2,14.8833683,5.2664522,25,373,"2019-04-30T11:07:22"
136,2,13.27210417483,3.69542294181883,50,252,"2019-06-01T06:30:38"
28,2,16.963608074002,7.9654452111572,40,508,"2019-06-20T15:37:48"
222,2,13.6965403240174,7.97672004438937,45,428,"2019-06-07T08:12:48"
59,2,13.360346,12.6165661,27,292,"2019-06-01T07:59:01"
98,2,14.1717756679282,12.6710352580994,6,349,"2019-05-23T19:39:55"
172,2,14.2689402820542,7.13888210244477,45,408,"2019-06-02T07:30:38"
110,2,13.3888625,2.9753186,34,205,"2019-07-01T15:21:31"
266,2,14.5450076088309,5.54004128091037,45,395,"2019-05-04T17:35:33"
268,2,13.6637705611065,6.16780140437186,11,317,"2019-05-20T15:55:43"
242,2,13.7887574350291,5.24852336292052,8,309.463147983376,"2019-04-26T15:37:54"
701,2,13.3663354,12.6614741,19,311,"2019-05-27T09:52:55"
48,2,17.4933661,7.6434004,25,460,"2019-06-22T10:55:20"
32,2,16.984189,8.0011333,21,530,"2019-04-24T19:19:49"
6,2,18.7388828,7.383531,17,438,"2019-06-17T09:41:25"
707,2,14.2151714419117,1.45622310060775,6,230.533417313382,"2019-05-13T08:33:40"
254,2,14.4164269091561,5.58924045413733,7,374,"2019-06-25T14:04:55"
277,2,13.8686435529962,5.65249750390649,5,350,"2019-05-09T07:50:46"
20,2,17.304061,7.4801069,41,437,"2019-06-13T21:28:30"
176,2,14.7423106944188,6.98621411807835,4,414,"2019-06-11T16:17:01"
353,2,14.5402686108867,1.25351044982321,6,246.24104937743,"2019-04-22T17:19:18"
84,2,13.2315076749376,11.9280621054858,6,339.085760891681,"2019-05-03T11:27:32"
314,2,13.7546597,3.3054456,22,266,"2019-06-25T09:50:19"
462,2,13.5563856720778,2.11980596163754,24,247.167740287009,"2019-05-27T07:53:13"
202,2,13.4375920705497,7.03476537019014,37,407,"2019-05-10T13:23:42"
196,2,13.408920513466,7.14315444231033,25,299,"2019-05-13T10:23:41"
370,2,14.2364100320265,9.05723562464118,23,525,"2019-04-22T19:35:00"
42,2,17.4016767,8.7959893,27,771,"2019-05-17T20:07:01"
18,2,18.1136714899912,8.77883984707296,38,1092,"2019-05-24T21:06:29"
702,2,13.3258783165365,12.6024565380067,5,320,"2019-05-01T15:31:26"
212,2,13.884460371919,7.38567307591438,32,390,"2019-05-19T09:30:31"
178,2,14.6413908619434,7.47551701962948,20,457,"2019-06-07T07:53:38"
280,2,14.0501533728093,5.42993894778192,10,338,"2019-04-30T14:55:12"
394,2,13.1773772,8.8852518,26,465,"2019-06-03T15:22:39"
76,2,13.9859195938162,11.3330122337159,6,365.50108878761,"2019-05-14T07:29:39"
424,2,14.5229394,8.3874517,16,477,"2019-05-03T07:06:31"
332,2,13.7341209607193,1.6146907364668,48,230.324981591339,"2019-07-04T15:29:05"
210,2,13.9455667091534,7.675407724455,3,401,"2019-06-25T08:36:37"
188,2,13.6483574146405,7.14012916199863,21,383,"2019-05-16T15:23:31"
706,2,14.1991427846882,1.45492024926123,48,221.707115288281,"2019-05-11T10:44:59"
52,2,17.0003453,8.7231874,16,583,"2019-05-03T18:18:41"
246,2,14.3860227288678,6.38202197849751,5,411,"2019-06-17T09:09:08"
116,2,13.6418317043977,4.0140554894098,24,239.870579738819,"2019-05-16T07:49:48"
112,2,12.4732485366985,3.57266083359718,15,207,"2019-05-11T17:00:30"
126,2,13.1245685135946,3.19122397340834,22,237,"2019-06-15T16:27:26"
148,2,13.6623528460041,3.21532244794071,24,262,"2019-06-27T09:58:03"
406,2,13.3635410871291,9.02966432782112,6,421.25616111567,"2019-06-01T09:47:23"
134,2,12.8408069349825,3.4254290163517,43,261,"2019-05-14T19:35:09"
180,2,13.4371031960472,8.00664704293013,22,447,"2019-06-16T13:22:32"
146,2,12.2210177499801,3.46742293797433,21,202,"2019-04-25T16:01:33"
94,2,14.4641162501648,13.1786382012069,45,345,"2019-05-04T16:49:31"
376,2,13.0752685,9.7347094,17,340,"2019-05-21T05:15:01"
396,2,13.2394409,8.7376041,29,447,"2019-06-02T11:11:01"
362,2,13.090545117005,1.59484411778864,16,255.408856827127,"2019-05-24T13:55:18"
492,2,13.4692061544553,2.13572519441904,12,191.283192950604,"2019-06-23T10:14:36"
292,2,15.2868747292086,5.36671617999673,46,378,"2019-05-19T20:26:59"
709,2,14.3547736108303,3.32861065864563,35,252,"2019-06-16T09:34:31"
216,2,13.4393551200628,8.28130885027349,18,532,"2019-06-13T15:35:30"
92,2,14.867493705824,13.7829927820712,6,348,"2019-05-11T14:08:53"
168,2,14.5264542661607,6.91648548468947,4,422,"2019-06-16T07:46:43"
82,2,13.2977809467252,12.1541503406943,6,329.03543813934,"2019-04-30T16:01:40"
380,2,14.2153146257624,9.97251036576927,23,438,"2019-05-05T09:24:01"
214,2,14.2895551538095,7.52937535755336,38,413,"2019-05-22T07:32:58"
486,2,13.4522313949902,2.18227606752215,24,278.044117009523,"2019-06-18T10:17:18"
426,2,14.1885405,8.6848787,19,478,"2019-04-30T10:18:02"
293,2,15.6254079,5.4183248,36,483,"2019-05-18T21:29:39"
236,2,15.2900494588539,6.72787791118026,31,464,"2019-06-07T12:06:30"
120,2,13.5206299113393,4.0386372135464,48,270.827863414099,"2019-05-18T09:47:20"
308,2,14.6545545,3.2773259,21,261,"2019-06-18T08:12:50"
398,2,13.1898520560935,8.65264694206417,49,472,"2019-06-10T12:02:08"
226,2,13.5078229894862,7.52125379629433,14,447,"2019-06-21T10:20:04"
228,2,13.5078229894862,7.52125379629433,14,447,"2019-06-21T10:20:04"
230,2,13.5078229894862,7.52125379629433,14,447,"2019-06-21T10:20:04"
248,2,14.2589277215302,6.30212131887674,5,397,"2019-06-15T15:15:51"
440,2,13.5465698037297,2.04958621412516,4,231,"2019-06-30T09:49:08"
442,2,13.5465698037297,2.04958621412516,4,231,"2019-06-30T09:49:08"
444,2,13.5465698037297,2.04958621412516,4,231,"2019-06-30T09:49:08"
446,2,13.5465698037297,2.04958621412516,4,231,"2019-06-30T09:49:08"
448,2,13.5465698037297,2.04958621412516,4,231,"2019-06-30T09:49:08"
452,2,13.5465698037297,2.04958621412516,4,231,"2019-06-30T09:49:08"
