"grappe","vague","s01q01","s01q02__1","s01q02__2","s01q02__3","s01q02__4","s01q02__5","s01q02__6","s01q02__7","s01q02__8","s01q02__9","s01q02__10","s01q02__11","s01q02_autre","s01q03__1","s01q03__2","s01q03__3","s01q03__4","s01q03__5","s01q03__6","s01q03__7","s01q03__8","s01q03__9","s01q03__10","s01q03_autre","s01q04","s01q04_autre","s01q05","s01q06","s01q06_autre","s01q07","s01q08__1","s01q08__2","s01q08__3","s01q08__4","s01q08__5","s01q09","s01q10","s01q10_autre","s01q11","s01q12","s01q13","s01q13a__1","s01q13a__2","s01q13a__3","s01q13a__4","s01q13a__5","s01q13b__1","s01q13b__2","s01q13b__3","s01q13b__4","s01q13b__5","s01q14__1","s01q14__2","s01q14__3","s01q14__4","s01q14__5","s01q14__6","s01q14__7","s01q14__8","s01q14__9","s01q14__10"
231,1,5000,0,0,0,0,1,0,0,0,0,0,0,,0,0,0,0,0,0,1,0,0,0,,5,,0,1,,1,1,1,0,0,0,1,1,,1,1,1,1,1,1,1,0,1,0,1,0,0,1,0,1,0,0,0,0,0,1,0
409,1,300,0,0,0,0,1,0,0,0,0,0,0,,1,0,0,0,0,0,0,0,0,0,,2,,42,3,,1,1,0,0,0,0,1,1,,2,2,1,1,0,1,0,0,1,0,1,0,0,1,0,1,0,0,0,1,0,0,1
89,1,100,0,0,0,0,0,0,1,0,0,0,0,,0,0,0,1,0,0,0,0,0,0,,7,"DÉPRESSION INTER-DUNE (CUVETTE)",140,3,,1,0,1,0,0,0,2,4,,2,2,2,,,,,,,,,,,1,0,1,0,0,0,0,0,0,0
249,1,6000,0,0,0,0,1,0,0,0,0,0,0,,1,0,0,0,0,0,0,0,0,0,,2,,32,2,,1,1,0,0,0,1,1,1,,2,2,1,1,0,0,0,0,1,0,0,0,0,1,1,1,1,0,1,0,0,1,1
165,1,12000,0,0,0,0,1,0,0,0,0,0,0,,1,0,0,0,0,0,0,0,0,0,,5,,31,1,,1,1,1,0,0,1,2,1,,1,1,1,1,1,1,0,0,1,0,1,0,0,1,1,1,1,1,0,1,1,1,1
141,1,3000,0,0,1,0,0,0,0,0,0,0,0,,0,0,0,0,0,0,1,0,0,0,,2,,0,1,,1,1,1,0,1,1,2,1,,1,1,1,1,1,1,1,0,1,0,1,0,0,1,0,1,1,1,1,1,1,1,1
275,1,300,0,0,0,0,1,0,0,0,0,0,0,,1,0,0,0,0,0,0,0,0,0,,5,,60,3,,1,1,0,0,0,0,1,1,,2,2,1,1,1,1,0,0,1,0,0,0,0,1,0,0,0,0,0,0,0,0,0
489,1,16000,0,0,1,0,0,0,0,0,0,0,0,,1,0,0,0,0,0,0,0,0,0,,5,,0,1,,1,1,1,0,1,1,2,1,,1,1,1,1,1,1,1,0,1,1,0,0,0,1,0,1,1,1,0,1,1,1,0
95,1,150,0,0,0,0,0,0,0,0,1,0,0,,0,0,0,1,0,0,0,0,0,0,,7,"SOMMET DE DUNE",160,3,,2,,,,,,,,,2,2,2,,,,,,,,,,,0,0,0,0,0,0,0,0,0,0
185,1,2000,0,0,0,0,1,0,0,0,0,0,0,,1,0,0,0,0,0,0,0,0,0,,1,,23,1,,1,1,1,0,0,1,2,1,,1,1,1,1,1,1,1,0,1,0,0,1,0,1,1,1,0,1,0,0,1,1,1
273,1,2000,0,0,0,0,1,0,0,0,0,0,0,,1,0,0,0,0,0,0,0,0,0,,1,,75,3,,1,1,1,0,0,0,1,3,,2,1,1,1,1,1,0,0,1,0,0,0,0,1,0,1,0,0,0,1,0,1,1
283,1,5045,0,0,0,0,1,0,0,0,0,0,0,,1,0,0,0,0,0,0,0,0,0,,1,,35,3,,1,1,1,0,0,0,2,3,,1,2,1,1,0,0,0,0,1,0,0,0,0,1,1,1,1,1,0,1,1,1,1
435,1,3000,0,0,0,0,1,0,0,0,0,0,0,,0,0,0,0,0,0,1,0,0,0,,5,,0,3,,1,1,0,0,0,1,1,1,,1,1,1,1,1,1,1,0,1,0,1,0,0,1,0,1,1,0,0,0,1,1,1
111,1,620,0,0,1,0,0,0,0,0,0,0,0,,1,0,0,0,0,0,0,0,0,0,,3,,15,2,,1,1,1,0,0,1,2,1,,2,2,1,1,1,1,1,0,1,0,1,0,0,1,0,1,1,0,1,1,1,1,1
29,1,1099,0,0,0,0,0,0,0,1,0,0,0,,0,0,0,0,0,0,1,0,0,0,,5,,0,1,,1,1,0,0,0,0,1,1,,1,1,1,1,1,1,1,0,0,1,1,0,0,1,0,1,0,0,0,0,0,1,1
239,1,2000,0,0,0,0,1,0,0,0,0,0,0,,1,0,0,0,0,0,0,0,0,0,,1,,17,1,,1,1,1,0,0,1,2,1,,2,2,1,1,0,1,0,0,1,0,1,0,0,1,0,1,0,0,1,0,1,1,1
403,1,650,0,0,0,0,1,0,0,0,0,0,0,,0,0,1,0,0,0,0,0,0,0,,5,,98,3,,1,1,1,0,0,0,2,3,,2,2,1,1,0,0,0,0,1,0,0,0,0,1,0,0,0,0,0,0,0,0,0
187,1,8000,0,0,0,0,1,0,0,0,0,0,0,,1,0,0,0,0,0,0,0,0,0,,5,,18,2,,1,1,1,0,0,1,1,1,,1,1,1,1,1,1,0,0,1,0,1,0,0,1,1,1,1,1,1,1,1,1,1
287,1,17000,0,0,0,0,1,0,0,0,0,0,0,,1,0,0,0,0,0,0,0,0,0,,5,,35,2,,1,1,1,0,0,0,2,2,,1,1,1,1,1,1,0,0,0,0,1,0,0,1,1,1,1,1,1,1,1,1,1
19,1,465,0,0,0,0,0,0,0,1,0,0,0,,0,0,1,0,0,0,0,0,0,0,,3,,210,3,,2,,,,,,,,,2,2,2,,,,,,,,,,,1,0,0,0,1,0,0,0,0,0
149,1,140,0,0,0,0,0,0,1,0,0,0,0,,1,0,0,0,0,0,0,0,0,0,,1,,11,3,,2,,,,,,,,,2,2,1,1,1,1,0,0,1,0,1,0,0,1,0,1,0,0,0,0,0,0,0
58,1,1000,0,0,0,0,0,1,0,0,0,0,0,,1,0,0,0,0,0,0,0,0,0,,1,,35,3,,1,0,1,0,0,1,2,3,,2,2,1,1,0,1,0,0,1,0,1,0,0,1,0,1,0,1,0,0,0,0,0
61,1,25000,0,0,0,0,0,0,1,0,0,0,0,,1,0,0,0,0,0,0,0,0,0,,1,,0,1,,1,1,1,0,0,0,1,1,,1,1,1,1,1,1,1,0,1,0,1,0,0,1,1,1,1,1,0,1,1,1,1
423,1,45,0,0,0,0,1,0,0,0,0,0,0,,1,0,0,0,0,0,0,0,0,0,,2,,78,3,,2,,,,,,,,,2,2,1,1,0,0,0,0,1,0,0,0,0,1,0,0,0,0,0,0,0,0,0
63,1,5000,0,0,0,0,1,0,0,0,0,0,0,,1,0,0,0,0,0,0,0,0,0,,1,,0,1,,1,1,1,0,0,0,1,1,,1,1,1,1,1,1,1,0,1,0,1,0,0,1,1,1,1,1,1,1,1,1,1
341,1,500,0,0,1,0,0,0,0,0,0,0,0,,0,1,0,0,0,0,0,0,0,0,,5,,45,3,,2,,,,,,,,,2,2,1,1,1,1,0,0,1,0,1,0,0,1,0,1,0,0,0,0,1,1,1
331,1,1400,0,0,1,0,0,0,0,0,0,0,0,,1,0,0,0,0,0,0,0,0,0,,1,,40,1,,2,,,,,,,,,1,2,1,1,1,1,1,0,1,1,0,0,0,1,1,1,1,0,1,0,0,1,1
139,1,1100,0,0,1,0,0,0,0,0,0,0,0,,1,0,0,0,0,0,0,0,0,0,,4,,15,3,,2,,,,,,,,,2,2,1,1,1,0,0,0,1,1,0,0,0,1,0,1,1,0,0,1,1,0,1
13,1,110,0,0,0,0,0,0,0,1,0,0,0,,0,0,0,1,0,0,0,0,0,0,,2,,116,3,,2,,,,,,,,,2,2,2,,,,,,,,,,,1,0,0,0,0,0,0,0,0,0
41,1,1968,0,0,0,0,0,0,0,1,0,0,0,,0,0,1,0,0,0,0,0,0,0,,5,,152,3,,1,1,1,0,0,0,2,1,,2,2,1,1,1,1,0,0,,,,,,1,1,1,0,1,0,1,0,1,1
285,1,3050,0,0,0,0,1,0,0,0,0,0,0,,1,0,0,0,0,0,0,0,0,0,,1,,63,3,,1,1,0,0,0,0,2,4,,2,1,2,,,,,,,,,,,1,0,1,0,1,0,1,0,0,0
453,1,,,,,,,,,,,,,,,,,,,,,,,,,,,,,,,,,,,,,,,,,,,,,,,,,,,,,,,,,,,,,
135,1,850,0,0,1,0,0,0,0,0,0,0,0,,1,0,0,0,0,0,0,0,0,0,,3,,90,2,,2,,,,,,,,,2,2,1,1,0,0,0,0,1,0,0,0,0,1,0,1,0,0,0,1,0,0,1
153,1,1000,0,0,0,0,1,0,0,0,0,0,0,,1,0,0,0,0,0,0,0,0,0,,2,,45,2,,1,1,1,0,0,1,1,1,,2,2,1,1,0,1,0,0,1,0,1,0,0,1,0,1,0,0,0,0,0,1,0
267,1,1000,0,0,0,0,1,0,0,0,0,0,0,,1,0,0,0,0,0,0,0,0,0,,5,,30,3,,1,1,1,0,0,0,1,1,,2,2,1,1,1,1,0,0,1,0,0,0,0,1,0,1,0,0,0,0,0,0,0
495,1,20986,0,0,1,0,0,0,0,0,0,0,0,,0,0,0,0,0,0,0,0,1,0,,1,,0,6,"PAVÉ",1,0,1,0,0,0,2,1,,1,1,1,1,1,1,1,0,1,1,0,0,0,1,1,1,1,0,0,0,1,1,1
269,1,860,0,0,0,0,1,0,0,0,0,0,0,,1,0,0,0,0,0,0,0,0,0,,1,,10,3,,2,,,,,,,,,2,2,1,1,0,0,0,0,1,0,0,0,0,1,0,1,0,0,0,0,0,0,1
22,1,300,0,0,0,0,0,0,0,1,0,0,0,,0,0,0,1,0,0,0,0,0,0,,5,,80,3,,1,0,1,0,0,0,2,3,,2,2,2,,,,,,,,,,,1,0,0,0,0,0,0,0,0,0
417,1,2500,0,0,0,0,1,0,0,0,0,0,0,,1,0,0,0,0,0,0,0,0,0,"EXODE",3,,17,2,,1,0,0,0,0,1,2,4,,2,2,1,1,1,1,1,0,1,1,0,0,0,1,0,1,0,0,0,0,0,0,1
67,1,9000,0,0,0,0,0,1,0,0,0,0,0,,1,0,0,0,0,0,0,0,0,0,,5,,15,3,,1,0,1,0,0,0,2,3,,2,2,1,1,0,1,0,0,1,0,1,0,0,1,1,1,0,0,0,0,0,0,1
17,1,1000,0,0,0,0,0,0,0,1,0,0,0,,0,0,1,0,0,0,0,0,0,0,,3,,270,3,,2,,,,,,,,,2,2,2,,,,,,,,,,,1,0,1,1,1,0,0,0,0,1
294,1,1250,0,0,0,0,0,0,0,1,0,0,0,,0,0,0,0,0,0,1,0,0,0,,1,,0,2,,1,1,1,0,0,1,2,1,,1,1,1,1,1,1,1,0,1,0,1,0,0,1,0,1,1,0,0,1,0,0,1
493,1,1565,0,0,0,0,0,0,1,0,0,0,0,,0,0,0,1,0,0,0,0,0,0,,5,,15,2,,1,1,1,0,1,0,4,1,,2,2,1,1,1,1,1,0,0,1,1,0,0,1,0,1,1,1,1,1,1,1,1
333,1,528,0,0,0,0,0,0,1,0,0,0,0,,1,0,0,0,0,0,0,0,0,0,,1,,7,3,,2,,,,,,,,,2,2,1,1,1,1,1,0,1,1,0,0,0,1,1,1,0,0,0,0,0,0,1
155,1,2500,0,0,0,0,1,0,0,0,0,0,0,,1,0,0,0,0,0,0,0,0,0,,1,,20,2,,1,1,1,0,0,1,1,1,,1,2,1,0,0,1,0,0,1,0,0,0,0,1,1,1,1,0,0,0,0,0,1
101,1,5000,0,0,0,0,0,1,0,0,0,0,0,,1,0,0,0,0,0,0,0,0,0,,1,,0,3,,2,,,,,,,,,1,1,1,1,1,1,1,0,1,0,1,0,0,1,0,1,1,1,1,1,1,1,1
429,1,120,0,0,0,0,0,1,0,0,0,0,0,,1,0,0,0,0,0,0,0,0,0,,2,,40,3,,1,0,1,0,0,1,2,4,,2,1,1,1,1,1,0,0,1,0,1,0,0,1,0,0,0,0,0,0,0,0,0
51,1,336,0,0,0,0,0,0,0,1,0,0,0,,0,0,1,0,0,0,0,0,0,0,,3,,53,3,,1,1,1,0,0,0,2,4,,2,1,2,,,,,,,,,,,1,0,1,0,1,1,0,0,0,1
233,1,1600,0,0,0,0,0,0,0,1,0,0,0,,0,0,0,1,0,0,0,0,0,0,,3,,52,1,,1,1,1,0,0,0,2,1,,2,1,1,1,1,1,0,0,1,0,1,0,0,1,0,1,1,0,0,0,0,0,0
5,1,1905,0,0,0,0,1,0,0,0,0,0,0,,0,0,0,1,0,0,0,0,0,0,,5,,0,3,,1,1,0,0,0,0,1,3,,1,1,1,1,1,1,1,0,1,0,1,0,0,1,0,1,1,1,0,0,0,1,1
39,1,625,0,0,0,0,1,0,0,0,0,0,0,,0,0,1,0,0,0,0,0,0,0,,5,,25,3,,1,0,1,0,0,0,2,3,,2,1,2,,,,,,,,,,,1,0,1,0,1,0,0,1,0,1
219,1,4000,0,0,0,0,1,0,0,0,0,0,0,,1,0,0,0,0,0,0,0,0,0,,1,,63,3,,2,,,,,,,,,2,1,1,1,0,0,0,0,1,0,0,0,0,1,1,1,0,0,0,0,0,1,1
379,1,900,0,0,0,0,0,1,0,0,0,0,0,,1,0,0,0,0,0,0,0,0,0,,1,,140,3,,1,1,0,0,0,0,1,1,,2,2,2,,,,,,,,,,,1,0,0,0,0,0,0,0,0,0
491,1,7500,0,0,1,0,0,0,0,0,0,0,0,,0,0,0,0,0,0,0,0,1,0,,1,,0,1,,1,1,1,0,1,0,1,1,,1,1,1,1,1,1,1,0,0,1,1,0,0,1,0,1,0,0,0,1,1,1,0
75,1,350,0,0,0,0,0,1,0,0,0,0,0,,1,0,0,0,0,0,0,0,0,0,,1,,7,1,,1,0,1,0,0,0,2,1,,2,2,1,1,0,1,0,0,1,0,0,0,0,1,1,1,0,0,0,0,0,0,0
151,1,1500,0,0,0,0,1,0,0,0,0,0,0,,1,0,0,0,0,0,0,0,0,0,,3,,15,3,,1,1,0,0,0,0,1,1,,2,2,1,1,1,1,0,0,1,0,0,0,0,1,1,1,1,0,0,0,0,1,0
351,1,438,0,0,0,1,0,0,0,0,0,0,0,,1,0,0,0,0,0,0,0,0,0,,1,,22,3,,2,,,,,,,,,2,2,1,1,1,1,0,0,0,1,1,0,0,1,0,1,1,0,0,0,1,0,1
163,1,7000,0,0,0,0,1,0,0,0,0,0,0,,1,0,0,0,0,0,0,0,0,0,,1,,0,1,,1,1,1,0,0,1,1,1,,1,1,1,1,1,1,1,0,1,1,0,0,0,1,0,1,1,0,1,1,1,1,1
9,1,1117,0,0,0,0,1,0,0,0,0,0,0,,0,0,0,1,0,0,0,0,0,0,,3,,0,3,,1,1,0,0,0,0,1,1,,1,1,1,1,1,1,1,0,0,0,1,1,0,1,0,1,1,0,0,0,0,1,1
133,1,4100,0,0,1,0,0,0,0,0,0,0,0,,1,0,0,0,0,0,0,0,0,0,,1,,85,2,,1,1,1,0,0,1,2,3,,1,2,1,1,1,1,0,0,1,0,1,0,0,1,0,1,1,1,1,1,1,1,1
290,1,1500,0,0,0,0,1,0,0,0,0,0,0,,1,0,0,0,0,0,0,0,0,0,,1,,46,3,,1,0,1,0,0,0,2,4,,2,1,2,,,,,,,,,,,1,1,1,0,1,0,0,0,0,1
471,1,9000,0,0,1,0,0,0,0,0,0,0,0,,0,0,0,0,0,0,1,0,0,0,,1,,0,1,,1,1,1,0,0,0,2,1,,1,1,1,1,1,0,1,0,1,0,1,0,0,1,0,1,1,0,0,0,0,1,1
325,1,640,0,0,1,0,0,0,0,0,0,0,0,,1,0,0,0,0,0,0,0,0,0,,1,,60,3,,1,1,0,0,0,0,1,1,,2,2,1,0,1,0,0,0,0,1,0,0,0,1,0,1,0,0,0,1,1,1,0
415,1,40000,0,0,0,0,1,0,0,0,0,0,0,,1,0,0,0,0,0,0,0,0,0,,2,,7,3,,2,,,,,,,,,2,2,1,1,1,1,0,0,0,1,1,0,0,1,0,1,0,0,0,1,0,0,1
251,1,1300,0,0,0,0,1,0,0,0,0,0,0,,1,0,0,0,0,0,0,0,0,0,,2,,4,3,,1,1,1,0,0,1,1,1,,2,2,1,1,0,1,0,0,1,0,1,0,0,1,1,1,1,0,0,0,0,0,1
303,1,1080,0,0,1,0,0,0,0,0,0,0,0,,1,0,0,0,0,0,0,0,0,0,,1,,7,4,,1,0,0,0,1,0,4,1,,2,2,1,1,1,1,0,0,1,1,0,0,0,1,0,1,0,0,0,0,0,0,1
281,1,3000,0,0,0,0,1,0,0,0,0,0,0,,1,0,0,0,0,0,0,0,0,0,,3,,8,3,,1,1,0,0,0,0,1,1,,2,2,1,0,1,1,0,1,0,0,0,0,1,1,1,1,0,0,0,0,0,1,1
271,1,700,0,0,0,0,1,0,0,0,0,0,0,,1,0,0,0,0,0,0,0,0,0,,5,,14,3,,1,1,0,0,0,0,1,1,,2,2,1,1,1,1,0,0,1,0,0,0,0,1,1,1,0,0,0,0,0,0,1
279,1,650,0,0,0,0,1,0,0,0,0,0,0,,1,0,0,0,0,0,0,0,0,0,,2,,30,3,,2,,,,,,,,,2,2,1,1,1,1,1,1,1,1,0,0,0,1,1,1,0,0,0,0,0,1,0
62,1,10000,0,0,0,0,1,0,0,0,0,0,0,,1,0,0,0,0,0,0,0,0,0,"TRAVAIL PHYSIQUE",1,,0,3,,1,1,0,0,0,0,1,1,,2,1,1,1,1,1,1,0,1,0,1,0,0,1,0,1,1,0,0,1,1,1,1
193,1,7000,0,0,0,0,1,0,0,0,0,0,0,,1,0,0,0,0,0,0,0,0,0,,1,,74,3,,1,1,1,0,0,0,1,1,,2,1,1,1,1,0,0,0,1,0,0,0,0,1,0,1,1,1,0,1,0,1,1
157,1,5000,0,0,0,0,1,0,0,0,0,0,0,,1,0,0,0,0,0,0,0,0,0,,1,,13,2,,1,1,1,0,0,1,1,1,,2,2,1,1,1,0,0,0,1,1,0,0,0,1,1,1,1,0,0,0,0,0,1
121,1,2000,0,0,0,0,1,0,0,0,0,0,0,,1,0,0,0,0,0,0,0,0,0,,3,,17,1,,1,1,1,0,0,1,2,1,,1,1,1,1,0,1,0,0,1,0,1,0,0,1,0,1,1,0,0,0,0,1,1
335,1,2705,0,0,1,0,0,0,0,0,0,0,0,,1,0,0,0,0,0,0,0,0,0,,1,,10,1,,1,0,1,0,0,0,2,1,,2,2,1,1,1,1,0,0,1,1,0,0,0,1,1,0,0,0,0,1,0,1,1
159,1,10000,0,0,0,0,1,0,0,0,0,0,0,,1,0,0,0,0,0,0,0,0,0,"EXODE",3,,5,3,,1,1,0,0,0,0,1,1,,2,1,1,1,1,1,0,0,1,1,0,0,0,1,0,1,1,0,0,1,1,1,1
171,1,2000,0,0,0,0,1,0,0,0,0,0,0,,1,0,0,0,0,0,0,0,0,0,,2,,43,3,,1,0,1,0,0,1,2,4,,2,2,1,1,1,1,0,0,1,0,1,0,0,1,1,1,1,0,0,1,0,0,0
413,1,350,0,0,0,0,1,0,0,0,0,0,0,,1,0,0,0,0,0,0,0,0,0,,2,,44,3,,2,,,,,,,,,2,2,1,1,1,0,0,0,1,1,0,0,0,1,1,0,0,0,0,0,0,0,0
179,1,4994,0,0,0,0,1,0,0,0,0,0,0,,1,0,0,0,0,0,0,0,0,0,,1,,19,2,,1,1,1,0,0,1,1,1,,2,1,1,1,1,0,0,1,1,0,0,0,0,1,1,1,0,1,0,1,1,0,1
441,1,3100,0,0,1,0,0,0,0,0,0,0,0,,0,0,0,0,0,0,1,0,0,0,,4,,0,1,,1,1,1,0,0,0,2,1,,1,1,1,1,1,1,1,0,1,0,1,0,0,1,0,1,1,0,0,0,0,1,1
339,1,1250,0,0,1,0,0,0,0,0,0,0,0,,1,0,0,0,0,0,0,0,0,0,,1,,17,3,,2,,,,,,,,,2,2,1,1,1,1,1,0,1,1,0,0,0,1,0,1,0,0,0,0,0,0,1
237,1,1100,0,0,0,0,1,0,0,0,0,0,0,,1,0,0,0,0,0,0,0,0,0,,1,,60,2,,1,1,1,0,0,1,2,4,,2,2,1,1,0,1,0,0,1,0,1,0,0,1,1,1,0,0,0,0,0,0,1
427,1,150,0,0,0,0,1,0,0,0,0,0,0,,1,0,0,0,0,0,0,0,0,0,,2,,45,3,,2,,,,,,,,,2,2,1,1,1,1,0,0,1,0,1,0,0,1,0,0,0,0,0,0,0,0,0
201,1,5000,0,0,0,0,1,0,0,0,0,0,0,,1,0,0,0,0,0,0,0,0,0,,5,,5,2,,1,1,1,0,0,1,2,1,,2,1,1,1,1,1,0,0,1,0,1,0,0,1,1,1,1,1,0,1,0,1,1
367,1,700,0,0,0,0,0,1,0,0,0,0,0,,1,0,0,0,0,0,0,0,0,0,,2,,37,3,,2,,,,,,,,,2,2,1,1,1,1,1,0,1,1,0,0,0,1,0,1,0,0,0,0,0,0,1
243,1,7000,0,0,0,0,1,0,0,0,0,0,0,,1,0,0,0,0,0,0,0,0,0,,1,,17,1,,1,1,1,0,0,1,2,1,,2,2,1,1,1,1,0,0,1,0,1,0,0,1,0,1,0,0,0,0,0,0,1
123,1,2000,0,0,0,0,1,0,0,0,0,0,0,,1,0,0,0,0,0,0,0,0,0,,1,,24,3,,1,1,1,0,0,1,1,1,,2,2,1,1,0,1,0,0,1,0,0,0,0,1,1,1,1,0,0,0,0,0,1
45,1,400,0,0,0,0,0,0,0,1,0,0,0,,0,0,0,0,0,0,1,0,0,0,,5,,45,6,"route goudronnee mais tres degradee",1,1,0,0,0,0,1,1,,1,1,1,1,1,1,1,0,1,0,1,0,0,1,1,1,0,0,0,0,0,1,1
319,1,520,0,0,1,0,0,0,0,0,0,0,0,,1,0,0,0,0,0,0,0,0,0,,7,"DUNE",35,1,,1,0,1,0,0,0,2,1,,2,2,1,1,1,1,0,0,0,1,1,0,0,1,0,1,0,0,0,0,0,0,1
381,1,400,0,0,0,0,0,1,0,0,0,0,0,,1,0,0,0,0,0,0,0,0,0,,1,,60,1,,1,1,1,0,0,0,2,1,,2,2,1,1,0,0,0,0,1,0,0,0,0,1,0,1,0,0,0,0,0,0,0
297,1,5000,0,0,0,0,1,0,0,0,0,0,0,,1,0,0,0,0,0,0,0,0,0,,2,,0,1,,1,1,1,0,0,0,2,1,,1,1,1,1,1,1,1,0,1,0,1,0,0,1,1,1,1,1,1,1,1,1,1
437,1,3000,0,0,0,0,1,0,0,0,0,0,0,,0,0,0,0,0,0,1,0,0,0,,3,,0,1,,1,1,0,0,0,1,1,1,,1,1,1,1,1,1,1,0,1,0,1,0,0,1,1,1,1,1,1,1,1,1,1
395,1,900,0,0,0,0,1,0,0,0,0,0,0,,1,0,0,0,0,0,0,0,0,0,,2,,20,1,,1,1,1,0,0,0,2,1,,1,1,1,1,1,1,1,0,1,0,1,0,0,1,0,1,1,1,1,1,1,1,1
85,1,6000,0,0,0,0,0,1,0,0,0,0,0,,1,0,0,0,0,0,0,0,0,0,,3,,77,3,,1,0,1,0,0,1,2,3,,1,1,1,1,0,1,0,0,1,0,1,0,0,1,0,1,1,0,0,0,1,1,1
481,1,20000,0,0,1,0,0,0,0,0,0,0,0,,0,0,0,0,0,0,0,0,1,0,,1,,0,1,,1,1,1,0,1,1,2,1,,1,1,1,1,1,1,1,0,1,0,1,0,0,1,0,1,1,1,1,1,1,1,1
385,1,900,0,0,0,0,1,0,0,0,0,0,0,,1,0,0,0,0,0,0,0,0,0,,1,,93,1,,1,1,1,0,0,1,2,1,,2,2,1,1,1,1,0,0,1,0,1,0,0,1,1,1,0,0,0,0,0,0,1
37,1,250,0,0,0,0,0,0,0,1,0,0,0,,0,0,0,1,0,0,0,0,0,0,,5,,130,3,,2,,,,,,,,,2,2,2,,,,,,,,,,,1,0,1,0,0,0,0,0,0,1
91,1,100,1,0,0,0,0,0,0,0,0,0,0,,0,0,0,1,0,0,0,0,0,0,,7,"LE VILLAGE SE TROUVE SUR LE SOMMET DE DUNE",85,3,,2,,,,,,,,,2,2,2,,,,,,,,,,,1,0,0,0,0,0,0,0,0,0
223,1,1300,0,0,0,0,0,0,1,0,0,0,0,,1,0,0,0,0,0,0,0,0,0,,1,,7,3,,1,0,1,0,0,1,2,3,,2,2,1,1,1,1,0,0,1,0,1,0,0,1,1,1,0,0,0,0,0,0,1
181,1,2500,0,0,0,0,1,0,0,0,0,0,0,,1,0,0,0,0,0,0,0,0,0,,1,,7,3,,1,1,0,0,0,1,1,2,,2,2,1,1,1,1,1,0,1,0,1,0,0,1,1,1,1,0,1,0,1,0,0
477,1,12000,0,0,1,0,0,0,0,0,0,0,0,,0,0,0,0,0,0,0,0,1,0,,1,,0,1,,1,1,1,0,1,1,2,1,,1,1,1,1,1,1,1,0,1,0,1,0,0,1,0,1,1,1,1,1,1,1,1
43,1,1979,0,0,0,0,0,0,0,1,0,0,0,,0,0,1,0,0,0,0,0,0,0,,5,,110,3,,1,1,1,0,0,0,2,1,,2,2,1,0,0,1,0,0,0,0,1,0,0,1,1,1,1,1,0,1,1,1,1
221,1,3500,0,0,0,0,1,0,0,0,0,0,0,,1,0,0,0,0,0,0,0,0,0,,5,,62,3,,1,1,1,0,0,0,2,3,,2,1,1,0,0,0,0,0,,,,,,1,1,1,1,0,0,1,1,1,1
405,1,350,0,0,0,0,1,0,0,0,0,0,0,,1,0,0,0,0,0,0,0,0,0,,2,,31,3,,1,1,1,0,0,0,1,1,,2,2,1,1,0,1,0,0,1,0,1,0,0,1,0,0,0,0,0,0,0,0,0
131,1,844,0,0,1,0,0,0,0,0,0,0,0,,1,0,0,0,0,0,0,0,0,0,,1,,36,3,,2,,,,,,,,,2,2,1,1,1,0,0,0,1,1,0,0,0,1,0,1,0,0,0,0,0,1,1
97,1,120,1,0,0,0,0,0,0,0,0,0,0,,0,0,0,1,0,0,0,0,0,0,,7,"UNE PETITE DÉPRESSION INTER DUNAIRE OU CUVETTE",25,3,,1,0,1,0,0,0,2,3,,2,2,1,1,1,0,0,0,1,1,0,0,0,1,0,0,0,0,0,0,0,0,0
305,1,270,0,0,1,0,0,0,0,0,0,0,0,,1,0,0,0,0,0,0,0,0,0,,2,,65,3,,2,,,,,,,,,2,2,1,1,0,1,0,0,1,0,1,0,0,1,0,1,1,0,0,0,0,0,0
137,1,1005,0,0,1,0,0,0,0,0,0,0,0,,1,0,0,0,0,0,0,0,0,0,,3,,3,3,,2,,,,,,,,,2,2,1,1,1,0,0,0,1,1,0,0,0,1,0,0,0,0,0,0,0,0,0
245,1,1476,0,0,0,0,1,0,0,0,0,0,0,,1,0,0,0,0,0,0,0,0,0,,5,,5,3,,1,1,0,0,0,1,1,1,,2,2,1,0,0,1,0,0,0,0,1,0,0,1,0,1,0,0,0,0,0,1,1
257,1,20000,0,0,0,0,1,0,0,0,0,0,0,,1,0,0,0,0,0,0,0,0,0,,2,,43,2,,1,1,1,0,0,1,1,1,,1,2,1,1,1,1,1,0,1,0,1,0,0,1,0,1,1,1,0,0,0,1,1
327,1,350,0,0,0,0,0,0,0,1,0,0,0,,1,0,0,0,0,0,0,0,0,0,,7,"COLLINE",23,3,,2,,,,,,,,,2,2,1,1,1,0,0,0,1,1,0,0,0,1,1,1,1,0,0,0,0,1,1
209,1,2000,0,0,0,0,1,0,0,0,0,0,0,,1,0,0,0,0,0,0,0,0,0,,5,,25,3,,1,1,1,0,0,0,2,3,,2,1,1,1,1,1,0,0,1,0,1,0,0,1,1,1,1,0,0,0,0,0,1
71,1,300,0,0,0,0,0,0,1,0,0,0,0,,1,0,0,0,0,0,0,0,0,0,,1,,150,3,,1,0,1,0,0,0,2,3,,2,2,1,1,0,0,0,0,1,0,0,0,0,1,0,0,0,0,0,0,0,0,0
487,1,17000,0,0,0,0,1,0,0,0,0,0,0,,1,0,0,0,0,0,0,0,0,0,,5,,0,1,,1,1,1,0,0,0,2,1,,1,1,1,1,1,1,1,0,0,1,1,0,0,1,1,1,1,1,1,1,1,1,1
393,1,500,0,0,0,0,1,0,0,0,0,0,0,,1,0,0,0,0,0,0,0,0,0,,2,,50,2,,2,,,,,,,,,2,2,1,1,0,1,0,0,1,0,0,0,0,1,1,0,0,0,0,0,0,0,0
207,1,2700,0,0,0,0,1,0,0,0,0,0,0,,1,0,0,0,0,0,0,0,0,0,,5,,70,3,,1,0,1,0,0,1,2,3,,2,1,1,1,0,1,0,0,1,0,1,0,0,1,1,1,1,0,0,1,0,1,1
79,1,80,0,0,0,0,0,0,1,0,0,0,0,,0,0,0,1,0,0,0,0,0,0,,7,"SOMMET DE DUNE",75,3,,2,,,,,,,,,2,2,2,,,,,,,,,,,1,0,0,0,0,0,0,0,0,0
315,1,4300,0,0,1,0,0,0,0,0,0,0,0,,1,0,0,0,0,0,0,0,0,0,,5,,24,2,,1,1,1,0,0,1,2,1,,2,2,1,1,0,1,0,0,1,0,1,0,0,1,1,1,0,0,0,1,0,0,1
35,1,1500,0,0,0,0,1,0,0,0,0,0,0,,0,0,0,0,0,0,1,0,0,0,,1,,0,2,,1,1,1,0,0,0,2,1,,1,1,1,1,1,1,0,0,1,0,1,0,0,1,0,1,1,0,0,1,1,1,1
357,1,850,0,0,1,0,0,0,0,0,0,0,0,,1,0,0,0,0,0,0,0,0,0,,1,,25,4,,1,0,0,0,1,1,4,1,,1,2,1,1,1,1,0,0,1,1,0,0,0,1,1,1,0,0,0,0,1,0,0
15,1,450,0,0,0,0,0,0,0,1,0,0,0,,0,0,0,1,0,0,0,0,0,0,,5,,70,3,,2,,,,,,,,,2,2,2,,,,,,,,,,,1,0,0,0,0,0,0,0,0,0
205,1,325,0,0,0,0,1,0,0,0,0,0,0,,1,0,0,0,0,0,0,0,0,0,,3,,15,3,,1,1,1,0,0,1,2,4,,2,2,1,1,0,1,0,0,1,0,1,0,0,1,0,0,0,0,0,0,0,0,1
321,1,8253,0,0,1,0,0,0,0,0,0,0,0,,1,0,0,0,0,0,0,0,0,0,,3,,20,2,,1,1,1,0,0,0,2,1,,1,1,1,1,1,1,0,0,0,1,1,0,0,1,0,1,1,0,0,1,1,1,1
104,1,950,1,0,0,0,0,0,0,0,0,0,0,,0,0,0,1,0,0,0,0,0,0,,7,"LE VILLAGE SE TROUVE DANS UNE CUVETTE",16,2,,1,0,1,0,0,0,2,1,,2,2,1,1,0,1,0,0,,,,,,1,1,1,1,0,0,0,0,0,1
479,1,10000,0,0,0,0,1,0,0,0,0,0,0,,0,0,0,0,0,0,1,0,0,0,,5,,0,1,,1,1,1,0,1,1,2,1,,1,1,1,1,1,1,1,0,1,0,1,0,0,1,0,1,1,1,1,1,1,1,1
175,1,1003,0,0,0,0,1,0,0,0,0,0,0,,0,0,0,0,0,0,0,0,0,1,"AGRICULTURE",1,,85,3,,2,,,,,,,,,2,1,1,1,0,1,1,1,0,0,1,0,0,1,1,1,0,0,0,0,0,0,1
69,1,2000,0,0,0,0,1,0,0,0,0,0,0,,0,0,0,0,0,0,1,0,0,0,,2,,50,1,,1,0,1,0,0,0,2,1,,1,2,1,1,0,1,0,0,1,0,1,0,0,1,0,1,1,0,1,0,0,1,1
195,1,2300,0,0,0,0,1,0,0,0,0,0,0,,1,0,0,0,0,0,0,0,0,0,,1,,28,2,,1,1,0,0,0,0,1,1,,2,2,1,1,1,1,0,0,1,0,0,0,0,1,1,0,0,0,0,0,0,0,0
127,1,1140,0,0,1,0,0,0,0,0,0,0,0,,1,0,0,0,0,0,0,0,0,0,,3,,36,3,,2,,,,,,,,,2,2,1,1,1,0,0,0,1,1,0,0,0,1,0,1,0,0,0,1,0,0,1
87,1,2000,0,0,0,0,0,1,0,0,0,0,0,,1,0,0,0,0,0,0,0,0,0,,1,,15,1,,1,1,1,0,0,0,2,1,,2,2,1,1,0,1,0,1,1,0,1,0,0,0,1,1,0,0,0,0,0,0,1
301,1,3000,0,0,0,0,1,0,0,0,0,0,0,,1,0,0,0,0,0,0,0,0,0,,5,,60,3,,1,1,1,0,0,1,2,3,,2,2,1,1,0,0,0,0,1,0,0,0,0,1,1,1,1,0,0,1,1,1,1
373,1,500,0,0,0,0,1,0,0,0,0,0,0,,0,0,0,0,0,0,1,0,0,0,,2,,64,2,,1,1,1,0,0,0,2,1,,1,1,1,1,1,1,1,1,1,0,1,0,0,1,0,1,1,1,1,1,1,1,1
115,1,2000,0,0,0,0,1,0,0,0,0,0,0,,1,0,0,0,0,0,0,0,0,0,,5,,54,3,,1,1,1,0,0,1,1,1,,2,2,1,1,1,0,0,0,1,1,0,0,0,1,1,1,0,0,0,0,0,1,1
433,1,7000,0,0,0,0,1,0,0,0,0,0,0,,1,0,0,0,0,0,0,0,0,0,,2,,0,1,,1,1,1,0,0,1,1,1,,1,1,1,1,1,1,1,0,1,1,0,0,0,1,1,1,1,0,0,0,1,1,1
73,1,1200,0,0,0,0,1,0,0,0,0,0,0,,1,0,0,0,0,0,0,0,0,0,,4,,40,1,,1,0,1,0,0,0,2,1,,1,1,1,1,0,1,0,0,1,0,1,0,0,1,0,1,1,0,0,0,1,1,1
299,1,150,0,0,0,0,1,0,0,0,0,0,0,,1,0,0,0,0,0,0,0,0,0,,1,,45,3,,2,,,,,,,,,2,2,2,,,,,,,,,,,1,0,0,0,0,0,0,0,0,0
93,1,150,0,0,0,0,0,0,0,0,1,0,0,,0,0,0,1,0,0,0,0,0,0,,7,"LE VILLAGE  SE TROUVE SUR SOMMET DE DUNE DÉGRADÉ",74,3,,2,,,,,,,,,2,2,1,0,0,0,0,1,0,0,0,0,1,1,0,0,0,0,0,0,0,0,0
3,1,150,0,0,0,0,0,0,0,1,0,0,0,,0,0,0,1,0,0,0,0,0,0,,1,,35,3,,1,0,1,0,0,0,2,4,,2,2,2,,,,,,,,,,,1,0,0,0,0,0,0,0,0,0
88,1,10000,0,0,0,0,1,0,0,0,0,0,0,,0,0,0,0,0,0,1,0,0,0,,3,,0,2,,1,1,1,0,0,0,1,1,,1,1,1,1,1,1,1,0,1,0,1,0,0,1,0,1,1,0,0,1,1,1,1
391,1,1875,0,0,0,0,1,0,0,0,0,0,0,,1,0,0,0,0,0,0,0,0,0,,2,,6,2,,1,1,1,0,0,1,1,1,,2,1,1,1,1,1,1,0,1,0,1,0,0,1,1,1,1,1,0,0,0,1,1
355,1,1200,0,0,1,0,0,0,0,0,0,0,0,,0,0,0,1,0,0,0,0,0,0,,2,,8,4,,1,0,0,0,1,0,4,1,,2,2,1,1,1,1,1,1,0,1,1,0,0,1,1,1,1,0,0,1,1,1,1
211,1,3500,0,0,0,0,1,0,0,0,0,0,0,,1,0,0,0,0,0,0,0,0,0,,1,,10,3,,1,1,1,0,0,1,2,3,,2,1,1,1,1,1,0,0,1,0,1,0,0,1,1,1,0,0,0,1,0,0,1
485,1,20000,0,0,1,0,0,0,0,0,0,0,0,,1,0,0,0,0,0,0,0,0,0,,1,,0,1,,1,1,1,0,0,1,2,1,,1,1,1,1,1,1,1,0,0,1,1,0,0,1,1,1,1,1,1,1,1,1,1
365,1,500,0,0,0,0,1,0,0,0,0,0,0,,1,0,0,0,0,0,0,0,0,0,,3,,50,2,,1,1,1,0,0,0,2,1,,1,2,1,1,0,1,0,0,1,0,1,0,0,1,0,1,1,1,1,1,1,1,1
311,1,3000,0,0,0,0,0,0,0,1,0,0,0,,1,0,0,0,0,0,0,0,0,0,,5,,10,3,,2,,,,,,,,,2,2,1,1,1,1,0,0,1,0,1,0,0,1,0,1,1,0,1,0,1,1,1
317,1,7372,0,0,1,0,0,0,0,0,0,0,0,,0,1,0,0,0,0,0,0,0,0,,7,"DUNE",25,1,,1,0,1,0,0,0,2,1,,1,1,1,1,1,1,0,0,1,1,0,0,0,1,0,1,1,0,0,1,1,1,1
255,1,2486,0,0,0,0,1,0,0,0,0,0,0,,1,0,0,0,0,0,0,0,0,0,,3,,40,2,,1,1,1,0,0,0,2,1,,2,1,1,1,1,1,0,0,1,0,1,0,0,1,1,1,1,1,1,0,1,1,1
407,1,152,0,0,0,0,0,0,1,0,0,0,0,,1,0,0,0,0,0,0,0,0,0,,3,,30,3,,1,1,1,0,0,1,1,1,,2,2,1,1,1,1,1,0,1,0,1,0,0,1,1,0,0,0,0,1,0,0,1
337,1,300,0,0,1,0,0,0,0,0,0,0,0,,1,0,0,0,0,0,0,0,0,0,,1,,40,3,,1,0,1,0,0,0,2,1,,2,2,1,1,1,0,0,0,1,1,0,0,0,1,1,1,0,0,0,0,0,0,1
411,1,1100,0,0,0,0,1,0,0,0,0,0,0,,1,0,0,0,0,0,0,0,0,0,,5,,15,3,,1,0,1,0,0,1,2,4,,2,2,1,1,1,0,0,0,1,1,0,0,0,1,1,1,0,1,0,0,0,0,1
363,1,15000,0,0,1,0,0,0,0,0,0,0,0,,1,0,0,0,0,0,0,0,0,0,,5,,60,1,,1,1,0,0,0,0,1,1,,1,1,1,1,1,1,1,0,1,1,0,0,0,1,0,1,0,0,1,0,1,1,1
399,1,4700,0,0,0,0,1,0,0,0,0,0,0,,1,0,0,0,0,0,0,0,0,0,,2,,2,3,,1,1,1,0,0,1,1,1,,1,2,1,1,1,1,1,1,1,1,0,0,0,1,0,1,0,1,0,0,0,1,1
361,1,2500,0,0,1,0,0,0,0,0,0,0,0,,1,0,0,0,0,0,0,0,0,0,,3,,45,3,,1,0,1,0,0,0,2,2,,2,2,2,,,,,,,,,,,1,1,1,1,0,0,0,0,1,0
263,1,1500,0,0,0,0,0,0,0,1,0,0,0,,1,0,0,0,0,0,0,0,0,0,,1,,15,3,,1,1,1,0,0,0,1,1,,2,2,1,1,1,1,0,0,1,0,1,0,0,1,0,1,0,0,0,0,0,1,1
499,1,5800,0,0,1,0,0,0,0,0,0,0,0,,0,0,0,0,0,0,1,0,0,0,,2,,0,1,,1,0,1,0,0,0,2,1,,1,1,1,1,1,1,1,0,1,0,1,0,0,1,0,1,1,1,1,1,0,1,1
215,1,360,0,0,0,0,0,0,1,0,0,0,0,,1,0,0,0,0,0,0,0,0,0,,1,,33,3,,1,1,0,0,0,0,1,1,,2,2,1,1,0,0,0,1,1,0,1,0,0,1,0,1,0,0,0,0,0,1,1
169,1,500,0,0,0,0,1,0,0,0,0,0,0,,1,0,0,0,0,0,0,0,0,0,,2,,2,3,,1,1,0,0,0,1,1,1,,2,1,1,1,1,1,0,0,1,0,1,0,0,1,1,1,0,1,0,1,0,0,1
425,1,500,0,0,0,0,1,0,0,0,0,0,0,,1,0,0,0,0,0,0,0,0,0,,5,,80,3,,1,0,1,0,0,1,2,4,,2,1,1,1,1,1,0,0,1,0,1,0,0,1,0,1,1,0,0,1,0,0,1
167,1,600,0,0,0,0,1,0,0,0,0,0,0,,1,0,0,0,0,0,0,0,0,0,"aller en exode",1,,80,3,,2,,,,,,,,,2,2,2,,,,,,,,,,,1,1,1,0,0,0,0,0,0,0
261,1,3000,0,0,0,0,1,0,0,0,0,0,0,,1,0,0,0,0,0,0,0,0,0,,1,,35,3,,1,1,0,0,0,1,1,1,,2,2,1,1,0,1,0,0,1,0,1,0,0,1,1,1,0,0,0,0,0,0,0
383,1,1000,0,0,0,0,0,1,0,0,0,0,0,,1,0,0,0,0,0,0,0,0,0,,5,,25,3,,1,1,0,0,0,1,2,4,,2,2,1,1,1,1,1,0,1,0,0,0,0,1,0,0,0,0,0,0,0,0,0
483,1,15000,0,0,1,0,0,0,0,0,0,0,0,,0,0,0,0,0,0,1,0,0,0,,1,,0,1,,1,1,1,0,1,1,2,1,,1,1,1,1,1,1,1,0,1,0,1,0,0,1,0,1,1,1,1,1,1,1,1
117,1,4000,0,0,0,0,1,0,0,0,0,0,0,,1,0,0,0,0,0,0,0,0,0,,5,,0,1,,1,1,1,0,0,1,2,1,,1,1,1,1,1,1,1,0,1,0,1,0,0,1,0,1,1,1,1,1,1,1,1
307,1,150,0,0,0,0,0,0,0,1,0,0,0,,0,0,0,1,0,0,0,0,0,0,,5,,0,3,,1,0,1,0,0,0,2,1,,1,1,1,1,1,1,0,0,0,1,1,0,0,1,0,1,1,0,1,1,1,1,0
33,1,1779,0,0,0,0,1,0,0,0,0,0,0,,0,0,0,0,0,0,0,1,0,0,,2,,0,1,,1,1,0,0,0,0,1,1,,1,1,1,1,1,1,1,0,1,1,0,0,0,1,0,1,1,0,0,0,0,0,0
419,1,1600,0,0,0,0,1,0,0,0,0,0,0,,1,0,0,0,0,0,0,0,0,0,,3,,7,3,,2,,,,,,,,,2,2,1,1,1,1,0,0,1,0,1,0,0,1,1,1,0,0,0,0,1,1,1
143,1,7000,0,0,1,0,0,0,0,0,0,0,0,,1,0,0,0,0,0,0,0,0,0,,2,,23,2,,1,1,1,0,1,0,1,1,,1,2,1,1,1,1,0,1,1,0,1,0,0,1,1,1,1,0,1,1,1,1,1
161,1,40000,0,0,0,0,1,0,0,0,0,0,0,,1,0,0,0,0,0,0,0,0,0,,1,,0,1,,1,1,1,0,0,1,2,1,,1,2,1,1,1,1,1,0,1,0,1,0,0,1,1,1,1,0,1,1,1,1,1
259,1,15318,0,0,0,0,1,0,0,0,0,0,0,,1,0,0,0,0,0,0,0,0,0,,1,,48,1,,1,1,1,0,0,0,2,1,,1,1,1,1,1,1,0,0,1,0,1,0,0,1,1,1,1,1,1,0,1,1,1
31,1,2000,0,0,0,0,1,0,0,0,0,0,0,,0,0,0,0,0,0,1,0,0,0,,2,,0,1,,1,1,0,0,0,0,1,1,,1,1,1,1,1,1,1,0,1,1,0,0,0,1,0,0,0,0,0,0,0,0,1
189,1,2000,0,0,0,0,1,0,0,0,0,0,0,,1,0,0,0,0,0,0,0,0,0,,5,,40,3,,1,1,0,0,0,0,1,1,,1,1,1,1,1,1,0,0,1,0,0,0,0,1,0,1,0,1,0,1,0,1,1
197,1,2300,0,0,0,0,1,0,0,0,0,0,0,,1,0,0,0,0,0,0,0,0,0,,2,,70,3,,1,1,0,0,0,0,1,1,,2,1,1,1,1,0,0,1,1,0,0,0,0,1,1,1,0,0,0,0,0,1,1
21,1,5000,0,0,0,0,0,0,0,1,0,0,0,,0,0,0,0,0,0,1,0,0,0,,1,,140,1,,1,1,1,0,0,0,1,1,,2,1,1,1,1,1,0,0,1,0,1,0,0,1,1,1,1,1,0,1,1,1,1
241,1,3000,0,0,0,0,1,0,0,0,0,0,0,,1,0,0,0,0,0,0,0,0,0,,1,,0,1,,1,1,1,0,0,1,1,1,,1,1,1,1,1,1,1,1,1,0,1,0,0,1,0,1,1,1,1,1,1,1,1
99,1,5000,0,0,0,0,0,0,0,0,1,0,0,,0,0,0,0,0,0,1,0,0,0,,7,"SOMMET DE DUNE",0,3,,2,,,,,,,,,1,1,1,1,1,1,0,0,1,0,1,0,0,1,1,1,1,1,0,1,1,1,1
343,1,1900,0,0,1,0,0,0,0,0,0,0,0,,1,0,0,0,0,0,0,0,0,0,,1,,60,3,,2,,,,,,,,,2,2,1,0,1,0,0,0,0,1,0,0,0,1,0,0,0,0,0,0,0,0,0
86,1,500,0,0,0,0,0,1,0,0,0,0,0,,1,0,0,0,0,0,0,0,0,0,,7,"SOMMET DE DUNE",10,3,,1,0,1,0,0,0,2,4,,2,2,1,1,1,0,0,0,1,1,0,0,0,1,0,1,1,1,1,0,1,0,1
313,1,1300,0,0,0,0,1,0,0,0,0,0,0,,1,0,0,0,0,0,0,0,0,0,,2,,35,3,,2,,,,,,,,,2,2,2,,,,,,,,,,,1,0,1,0,1,0,0,0,0,0
7,1,1341,0,0,0,0,1,0,0,0,0,0,0,,0,0,0,0,0,0,1,0,0,0,,2,,0,3,,1,1,0,0,0,0,1,1,,1,1,1,1,1,1,1,0,1,0,1,0,0,1,0,1,1,0,0,0,0,1,1
105,1,310,0,0,1,0,0,0,0,0,0,0,0,,1,0,0,0,0,0,0,0,0,0,,3,,10,1,,1,1,1,0,0,1,2,1,,2,2,1,1,1,1,1,0,1,1,0,0,0,1,0,1,0,0,0,1,0,0,1
145,1,850,0,0,0,0,1,0,0,0,0,0,0,,1,0,0,0,0,0,0,0,0,0,,5,,53,3,,1,1,0,0,0,1,1,1,,2,2,1,1,1,1,0,0,1,0,1,0,0,1,1,1,0,0,0,0,1,1,1
347,1,6678,0,0,1,0,0,0,0,0,0,0,0,,1,0,0,0,0,0,0,0,0,0,,1,,130,2,,1,0,1,0,0,0,2,1,,1,1,1,1,1,0,0,0,1,1,0,0,0,1,1,1,1,0,0,0,1,1,1
272,1,8000,0,0,0,0,1,0,0,0,0,0,0,,1,0,0,0,0,0,0,0,0,0,,2,,1,1,,1,1,0,0,0,0,1,1,,1,1,1,1,1,1,1,0,1,1,0,0,0,1,0,1,0,0,0,1,0,1,1
177,1,3500,0,0,0,0,1,0,0,0,0,0,0,,1,0,0,0,0,0,0,0,0,0,,2,,66,3,,2,,,,,,,,,2,1,1,1,1,1,0,0,1,0,0,0,0,1,1,1,1,0,0,1,0,0,1
53,1,800,0,0,0,0,0,1,0,0,0,0,0,,1,0,0,0,0,0,0,0,0,0,,1,,11,3,,1,0,1,0,0,0,2,3,,2,2,1,1,0,1,0,0,,,,,,1,1,1,0,0,1,0,0,0,0
247,1,3500,0,0,0,0,1,0,0,0,0,0,0,,1,0,0,0,0,0,0,0,0,0,,1,,27,3,,1,1,0,0,0,1,1,1,,2,2,1,1,0,1,0,0,1,0,1,0,0,1,0,1,0,0,0,0,0,1,1
11,1,20000,0,0,0,0,1,0,0,0,0,0,0,,0,0,0,0,0,0,1,0,0,0,,5,,0,1,,1,1,0,0,0,0,1,1,,1,1,1,1,1,1,1,0,0,1,1,0,0,1,0,1,1,1,0,1,0,1,1
191,1,6000,0,0,0,0,0,0,1,0,0,0,0,,0,0,0,0,0,0,1,0,0,0,,5,,1,1,,1,1,1,0,0,0,1,1,,1,1,1,1,1,1,1,0,0,1,1,0,0,1,1,1,0,0,0,1,1,1,1
323,1,1200,0,0,1,0,0,0,0,0,0,0,0,,1,0,0,0,0,0,0,0,0,0,,1,,85,3,,1,0,1,0,0,0,2,2,,2,2,2,,,,,,,,,,,1,1,1,0,0,0,1,0,0,0
227,1,11000,0,0,0,0,1,0,0,0,0,0,0,,0,0,0,0,0,0,1,0,0,0,,1,,0,1,,1,1,1,0,0,0,2,1,,1,1,1,1,1,1,1,1,1,1,0,0,0,1,0,1,1,1,1,1,1,1,1
329,1,950,0,0,1,0,0,0,0,0,0,0,0,,1,0,0,0,0,0,0,0,0,0,,2,,50,2,,2,,,,,,,,,2,2,2,,,,,,,,,,,1,0,0,0,0,0,0,0,0,0
421,1,3000,0,0,0,0,1,0,0,0,0,0,0,,1,0,0,0,0,0,0,0,0,0,,3,,12,3,,1,1,0,0,0,1,1,1,,2,2,1,1,1,1,0,0,1,1,0,0,0,1,0,1,0,0,0,0,0,0,0
397,1,3000,0,0,0,0,1,0,0,0,0,0,0,,1,0,0,0,0,0,0,0,0,0,,5,,7,3,,1,1,1,0,0,1,2,3,,2,2,1,1,1,1,0,1,1,1,0,0,0,1,0,1,1,0,0,0,1,1,0
475,1,15000,0,0,1,0,0,0,0,0,0,0,0,,0,0,0,0,0,0,1,0,0,0,,1,,0,1,,1,1,1,1,1,1,2,1,,1,1,1,1,1,1,1,0,1,0,1,0,0,0,0,1,1,1,1,1,1,1,1
64,1,200,0,0,0,0,0,0,1,0,0,0,0,,0,0,0,1,0,0,0,0,0,0,,1,,40,3,,2,,,,,,,,,2,2,1,1,0,1,0,0,,,,,,1,0,0,0,0,0,0,0,0,0
401,1,250,0,0,0,0,1,0,0,0,0,0,0,,0,0,0,0,0,0,1,0,0,0,,3,,20,3,,1,1,1,0,0,1,1,1,,2,2,1,1,1,1,1,1,1,0,1,0,0,1,0,0,0,0,0,0,0,0,0
203,1,650,0,0,0,0,1,0,0,0,0,0,0,,1,0,0,0,0,0,0,0,0,0,,1,,12,3,,1,1,1,0,0,0,2,3,,2,2,1,1,0,1,0,0,1,0,1,0,0,1,0,0,0,0,0,0,0,0,0
229,1,20000,0,0,0,0,1,0,0,0,0,0,0,,0,0,0,0,0,0,1,0,0,0,,5,,0,1,,1,1,1,0,0,0,1,1,,1,1,1,1,1,1,1,0,1,0,1,0,0,1,0,1,1,0,0,0,0,1,1
225,1,20000,0,0,0,0,1,0,0,0,0,0,0,,0,0,0,0,0,0,1,0,0,0,,2,,0,1,,1,1,1,0,0,0,1,1,,1,1,1,1,1,1,1,1,1,0,1,0,0,1,0,1,1,0,0,1,1,1,1
49,1,500,0,0,0,0,0,0,0,1,0,0,0,,0,0,0,1,0,0,0,0,0,0,,2,,50,3,,2,,,,,,,,,2,2,2,,,,,,,,,,,1,0,1,0,0,0,0,0,0,1
265,1,20000,0,0,0,0,1,0,0,0,0,0,0,,1,0,0,0,0,0,0,0,0,0,,5,,5,1,,1,1,1,0,0,1,2,1,,1,1,1,1,1,1,0,0,1,1,0,0,0,1,0,1,1,0,0,0,0,1,1
217,1,300,0,0,0,0,1,0,0,0,0,0,0,,1,0,0,0,0,0,0,0,0,0,,1,,40,2,,2,,,,,,,,,2,2,1,1,1,1,0,0,1,0,1,0,0,0,0,0,0,0,0,0,0,0,1
431,1,500,0,0,0,0,0,0,0,1,0,0,0,,0,0,0,1,0,0,0,0,0,0,,5,,38,3,,1,1,1,0,0,0,2,4,,2,2,2,,,,,,,,,,,1,0,1,1,0,0,0,1,1,1
253,1,3504,0,0,0,0,1,0,0,0,0,0,0,,1,0,0,0,0,0,0,0,0,0,,3,,47,1,,1,1,1,0,0,0,2,1,,1,1,1,1,1,1,1,0,1,0,1,0,0,1,1,1,1,1,1,1,1,1,1
345,1,8547,0,0,0,0,0,0,1,0,0,0,0,,1,0,0,0,0,0,0,0,0,0,,5,,70,3,,1,0,1,0,0,0,2,7,"2 FOIS PAR SEMAINE",2,2,1,1,1,0,0,0,1,1,0,0,0,1,0,1,1,0,0,0,1,0,0
77,1,150,0,0,0,0,0,1,0,0,0,0,0,,1,0,0,0,0,0,0,0,0,0,,2,,40,3,,2,,,,,,,,,2,2,1,1,0,1,0,0,0,0,1,0,0,1,0,0,0,0,0,0,0,0,0
359,1,860,0,0,0,0,0,0,1,0,0,0,0,,1,0,0,0,0,0,0,0,0,0,,1,,35,3,,1,1,0,0,0,0,1,1,,2,2,1,1,1,0,0,0,0,1,0,0,0,1,0,1,0,1,1,0,1,1,1
377,1,1020,0,0,0,0,1,0,0,0,0,0,0,,1,0,0,0,0,0,0,0,0,0,,5,,35,3,,1,1,1,0,0,1,1,1,,2,2,1,1,0,0,0,1,1,0,0,0,1,1,0,1,0,0,0,0,0,0,0
473,1,20000,0,0,1,0,0,0,0,0,0,0,0,,0,0,0,0,0,0,1,0,0,0,,1,,0,1,,1,1,1,0,1,1,2,1,,1,1,1,1,1,1,1,0,1,0,1,0,0,1,0,1,1,1,1,1,1,1,1
349,1,428,0,0,0,0,0,0,0,1,0,0,0,,0,0,0,1,0,0,0,0,0,0,,1,,36,3,,2,,,,,,,,,2,2,1,1,1,1,0,0,1,1,0,0,0,1,1,1,0,0,0,0,0,1,0
497,1,105000,0,0,0,0,0,0,1,0,0,0,0,,0,0,0,1,0,0,0,0,0,0,,3,,0,1,,1,0,1,0,0,0,2,1,,1,1,1,1,1,1,1,0,1,0,1,0,0,1,1,1,1,1,0,1,1,1,1
375,1,500,0,0,0,0,1,0,0,0,0,0,0,,1,0,0,0,0,0,0,0,0,0,,5,,90,3,,1,1,1,0,0,0,2,3,,2,2,1,1,0,0,0,0,1,0,0,0,0,1,0,1,0,0,0,0,0,1,1
199,1,5000,0,0,0,0,1,0,0,0,0,0,0,,1,0,0,0,0,0,0,0,0,0,,5,,42,3,,1,1,1,0,0,1,2,3,,2,1,1,1,1,1,0,0,1,0,0,0,0,1,1,1,0,0,0,1,0,1,1
387,1,2700,0,0,0,0,1,0,0,0,0,0,0,,1,0,0,0,0,0,0,0,0,0,,1,,26,2,,1,1,1,0,0,1,1,1,,2,2,1,1,0,1,0,0,1,0,1,0,0,1,0,1,0,1,1,0,0,1,1
125,1,4904,0,0,1,0,0,0,0,0,0,0,0,,1,0,0,0,0,0,0,0,0,0,,1,,0,1,,1,1,1,0,0,1,2,1,,1,1,1,1,1,1,1,0,1,0,1,0,0,1,1,1,1,0,0,1,0,1,1
25,1,5000,0,0,0,0,1,0,0,0,0,0,0,,0,0,0,0,0,0,1,0,0,0,,3,,0,1,,1,1,0,0,0,0,1,1,,1,1,1,1,1,1,1,0,0,1,1,0,0,1,0,1,0,0,0,0,0,0,1
119,1,1500,0,0,0,0,1,0,0,0,0,0,0,,1,0,0,0,0,0,0,0,0,0,,1,,84,2,,1,1,1,0,0,1,1,1,,2,2,1,1,0,1,0,0,1,0,0,0,0,1,1,1,1,0,0,1,0,1,1
309,1,5200,0,0,0,0,1,0,0,0,0,0,0,,1,0,0,0,0,0,0,0,0,0,,5,,177,1,,1,1,0,0,0,1,1,1,,1,1,1,1,1,1,0,0,1,0,1,0,0,1,1,1,1,0,0,0,1,1,1
439,1,2000,0,0,0,0,1,0,0,0,0,0,0,,1,0,0,0,0,0,0,0,0,0,,3,,10,1,,1,1,1,0,0,1,2,1,,1,1,1,1,1,1,1,0,1,0,1,0,0,1,1,1,1,1,1,0,1,1,1
47,1,300,0,0,0,0,0,0,0,1,0,0,0,,0,0,1,0,0,0,0,0,0,0,,3,,90,3,,2,,,,,,,,,2,2,2,,,,,,,,,,,1,0,1,0,0,0,0,0,0,1
371,1,250,0,0,0,0,0,0,1,0,0,0,0,,1,0,0,0,0,0,0,0,0,0,,2,,86,3,,1,1,1,0,0,1,1,4,,2,2,1,1,0,1,0,1,1,0,1,0,0,1,0,0,0,0,0,0,0,0,0
129,1,850,0,0,1,0,0,0,0,0,0,0,0,,1,0,0,0,0,0,0,0,0,0,,4,,70,3,,2,,,,,,,,,2,2,1,1,0,0,0,0,1,0,0,0,0,1,0,1,0,0,0,0,0,0,0
183,1,600,0,0,0,0,1,0,0,0,0,0,0,,1,0,0,0,0,0,0,0,0,0,,2,,15,3,,1,0,1,0,0,0,2,4,,2,2,1,1,1,1,0,0,1,0,0,0,0,1,1,1,0,0,0,1,0,1,1
147,1,5000,0,0,1,0,0,0,0,0,0,0,0,,1,0,0,0,0,0,0,0,0,0,,2,,50,2,,1,1,1,0,0,1,1,1,,2,2,1,0,0,1,0,0,0,0,1,0,0,1,0,1,0,0,0,1,1,0,1
57,1,500,0,0,0,0,0,1,0,0,0,0,0,,1,0,0,0,0,0,0,0,0,0,,1,,25,3,,1,0,1,0,0,0,2,3,,2,2,1,1,0,1,0,0,0,0,1,0,0,1,0,1,0,0,1,0,0,0,1
369,1,1000,0,0,0,0,0,1,0,0,0,0,0,,1,0,0,0,0,0,0,0,0,0,,1,,100,3,,2,,,,,,,,,2,2,1,0,0,1,0,0,0,0,1,0,0,1,0,1,1,0,0,0,1,1,1
109,1,1100,0,0,1,0,0,0,0,0,0,0,0,,1,0,0,0,0,0,0,0,0,0,,3,,4,3,,2,,,,,,,,,2,2,1,1,1,1,1,0,1,0,1,0,0,1,0,1,0,0,0,1,0,1,1
27,1,1117,0,0,0,0,1,0,0,0,0,0,0,,0,0,0,0,0,0,1,0,0,0,,2,,0,1,,1,1,0,0,0,0,1,1,,1,1,1,1,1,1,1,0,1,0,1,0,0,1,1,1,1,0,0,0,0,1,1
107,1,850,0,0,1,0,0,0,0,0,0,0,0,,1,0,0,0,0,0,0,0,0,0,,1,,27,1,,1,1,1,0,0,1,1,1,,2,2,1,1,1,1,1,0,1,0,1,0,0,1,0,1,0,0,0,0,0,0,1
113,1,850,0,0,0,0,1,0,0,0,0,0,0,,0,1,0,0,0,0,0,0,0,0,,1,,140,3,,2,,,,,,,,,2,2,1,1,1,1,0,0,1,0,1,0,0,1,0,0,0,0,0,0,0,1,1
295,1,250,0,0,0,0,1,0,0,0,0,0,0,,1,0,0,0,0,0,0,0,0,0,,1,,6,1,,1,1,1,0,0,1,2,1,,2,2,1,1,1,1,1,0,1,0,1,0,0,1,1,1,0,0,1,1,0,0,1
173,1,900,0,0,0,0,1,0,0,0,0,0,0,,1,0,0,0,0,0,0,0,0,0,,5,,47,3,,2,,,,,,,,,2,2,1,1,1,1,0,0,1,0,1,0,0,1,1,0,0,0,0,0,0,1,0
213,1,2000,0,0,0,0,1,0,0,0,0,0,0,,1,0,0,0,0,0,0,0,0,0,,5,,26,3,,1,1,1,0,0,1,2,2,,2,2,1,1,1,1,0,0,1,0,0,0,0,1,0,1,0,0,0,1,0,1,0
23,1,3000,0,0,0,0,0,0,0,0,0,0,1,"TASSAWAK",0,0,1,0,0,0,0,0,0,0,,1,,160,3,,1,0,1,0,0,0,2,1,,2,1,1,1,1,1,1,0,1,1,0,0,0,1,1,1,1,1,1,1,1,1,1
284,1,4100,0,0,0,0,1,0,0,0,0,0,0,,1,0,0,0,0,0,0,0,0,0,,1,,38,2,,1,1,1,0,0,0,2,4,,2,1,1,1,1,1,0,0,1,0,0,0,0,1,0,1,1,1,0,1,1,1,1
235,1,600,0,0,0,0,0,0,0,1,0,0,0,,1,0,0,0,0,0,0,0,0,0,,3,,58,3,,1,0,1,0,0,0,2,4,,2,2,1,1,0,1,0,0,0,0,1,0,0,1,0,0,0,0,0,0,0,0,0
389,1,1875,0,0,0,0,1,0,0,0,0,0,0,,1,0,0,0,0,0,0,0,0,0,,2,,6,2,,1,1,1,0,0,1,1,1,,2,1,1,1,1,1,1,0,1,0,1,0,0,1,1,1,1,1,0,0,0,1,1
443,1,3100,0,0,1,0,0,0,0,0,0,0,0,,0,0,0,0,0,0,1,0,0,0,,4,,0,1,,1,1,1,0,0,0,2,1,,1,1,1,1,1,1,1,0,1,0,1,0,0,1,0,1,1,0,0,0,0,1,1
445,1,3100,0,0,1,0,0,0,0,0,0,0,0,,0,0,0,0,0,0,1,0,0,0,,4,,0,1,,1,1,1,0,0,0,2,1,,1,1,1,1,1,1,1,0,1,0,1,0,0,1,0,1,1,0,0,0,0,1,1
447,1,3100,0,0,1,0,0,0,0,0,0,0,0,,0,0,0,0,0,0,1,0,0,0,,4,,0,1,,1,1,1,0,0,0,2,1,,1,1,1,1,1,1,1,0,1,0,1,0,0,1,0,1,1,0,0,0,0,1,1
449,1,3100,0,0,1,0,0,0,0,0,0,0,0,,0,0,0,0,0,0,1,0,0,0,,4,,0,1,,1,1,1,0,0,0,2,1,,1,1,1,1,1,1,1,0,1,0,1,0,0,1,0,1,1,0,0,0,0,1,1
451,1,3100,0,0,1,0,0,0,0,0,0,0,0,,0,0,0,0,0,0,1,0,0,0,,4,,0,1,,1,1,1,0,0,0,2,1,,1,1,1,1,1,1,1,0,1,0,1,0,0,1,0,1,1,0,0,0,0,1,1
455,1,,,,,,,,,,,,,,,,,,,,,,,,,,,,,,,,,,,,,,,,,,,,,,,,,,,,,,,,,,,,,
457,1,,,,,,,,,,,,,,,,,,,,,,,,,,,,,,,,,,,,,,,,,,,,,,,,,,,,,,,,,,,,,
459,1,,,,,,,,,,,,,,,,,,,,,,,,,,,,,,,,,,,,,,,,,,,,,,,,,,,,,,,,,,,,,
461,1,,,,,,,,,,,,,,,,,,,,,,,,,,,,,,,,,,,,,,,,,,,,,,,,,,,,,,,,,,,,,
463,1,,,,,,,,,,,,,,,,,,,,,,,,,,,,,,,,,,,,,,,,,,,,,,,,,,,,,,,,,,,,,
465,1,,,,,,,,,,,,,,,,,,,,,,,,,,,,,,,,,,,,,,,,,,,,,,,,,,,,,,,,,,,,,
467,1,,,,,,,,,,,,,,,,,,,,,,,,,,,,,,,,,,,,,,,,,,,,,,,,,,,,,,,,,,,,,
469,1,9000,0,0,1,0,0,0,0,0,0,0,0,,0,0,0,0,0,0,1,0,0,0,,1,,0,1,,1,1,1,0,0,0,2,1,,1,1,1,1,1,0,1,0,1,0,1,0,0,1,0,1,1,0,0,0,0,1,1
250,2,2200,0,0,0,0,1,0,0,0,0,0,0,,1,0,0,0,0,0,0,0,0,0,"EXODE",3,,20,3,,1,1,0,0,0,1,1,3,,2,1,1,1,1,1,0,0,1,1,0,0,0,1,1,1,0,0,0,1,1,1,1
358,2,10000,0,0,1,0,0,0,0,0,0,0,0,,0,0,0,0,1,0,0,0,0,0,,5,,1,1,,1,1,1,0,1,1,1,1,,1,1,1,1,1,1,1,0,1,0,1,0,0,1,0,1,1,1,1,1,0,1,1
382,2,2700,0,0,0,0,0,1,0,0,0,0,0,,1,0,0,0,0,0,0,0,0,0,,5,,74,3,,1,1,1,0,0,0,2,4,,2,2,1,1,0,0,0,0,1,0,0,0,0,1,0,1,1,0,0,0,0,1,0
400,2,150,0,0,0,0,0,0,1,0,0,0,0,,1,0,0,0,0,0,0,0,0,0,,2,,12,3,,1,1,1,0,0,0,1,1,,2,2,1,1,1,1,1,0,1,0,1,0,0,1,0,0,0,0,0,1,0,0,0
68,2,2000,0,0,0,0,0,0,0,1,0,0,0,,0,0,0,1,0,0,0,0,0,0,,2,,37,3,,2,,,,,,,,,2,2,1,1,0,0,0,0,1,0,0,0,0,1,0,0,0,0,0,0,0,0,0
434,2,50000,0,0,0,0,1,0,0,0,0,0,0,,1,0,0,0,0,0,0,0,0,0,,1,,0,1,,1,1,1,0,0,0,1,1,,1,1,1,1,1,1,1,0,1,0,1,0,0,1,1,1,1,1,0,1,1,1,1
498,2,4845,0,0,0,0,0,0,1,0,0,0,0,,0,0,0,0,0,0,0,0,1,0,,1,,0,1,,1,0,1,0,1,1,2,1,,1,1,1,1,1,1,1,0,1,0,0,1,0,1,1,1,1,1,1,1,1,1,1
186,2,3000,0,0,0,0,1,0,0,0,0,0,0,,1,0,0,0,0,0,0,0,0,0,,2,,26,2,,1,1,0,0,1,1,1,3,,2,1,1,1,1,1,0,1,1,1,0,0,0,1,0,1,0,0,0,0,1,0,0
100,2,35000,0,0,0,0,0,1,0,0,0,0,0,,1,0,0,0,0,0,0,0,0,0,,1,,0,3,,1,0,1,0,0,0,2,1,,1,1,1,1,1,1,1,0,1,1,0,0,0,1,0,1,1,1,0,0,1,0,1
232,2,3000,0,0,0,0,0,0,0,1,0,0,0,,0,0,0,0,0,0,1,0,0,0,,1,,0,1,,1,1,1,0,0,1,2,1,,1,1,1,1,1,1,0,0,1,0,1,0,0,1,0,0,0,0,0,0,0,0,0
260,2,2000,0,0,0,0,1,0,0,0,0,0,0,,1,0,0,0,0,0,0,0,0,0,"EXODE",4,,18,2,,1,1,0,0,0,1,1,3,,2,2,1,1,1,1,0,0,0,1,0,0,0,1,1,1,1,0,0,0,0,0,1
388,2,250,0,0,0,0,1,0,0,0,0,0,0,,1,0,0,0,0,0,0,0,0,0,,5,,24,3,,1,1,1,0,0,1,1,1,,1,2,1,1,0,1,0,0,1,1,0,0,0,1,0,1,0,0,0,0,1,0,1
8,2,4000,0,0,0,0,1,0,0,0,0,0,0,,0,0,0,0,0,0,1,0,0,0,,3,,0,2,,1,1,1,0,0,0,1,1,,1,1,1,1,1,1,1,0,0,1,1,0,0,1,1,1,1,0,0,1,1,1,1
74,2,3000,0,0,0,0,0,1,0,0,0,0,0,,1,0,0,0,0,0,0,0,0,0,,1,,65,3,,1,0,1,0,0,0,2,4,,2,2,1,1,0,0,0,0,1,0,0,0,0,1,1,1,0,0,0,0,0,0,0
80,2,1000,0,0,0,0,0,0,1,0,0,0,0,,0,0,0,1,0,0,0,0,0,0,,2,,20,3,,1,0,1,0,0,0,2,4,,2,2,1,1,0,1,0,0,,,,,,1,1,1,0,0,0,0,0,1,1
258,2,5500,0,0,0,0,1,0,0,0,0,0,0,,1,0,0,0,0,0,0,0,0,0,,5,,16,1,,1,1,0,0,0,1,1,1,,1,1,1,1,0,1,0,0,0,0,1,0,0,1,1,1,1,0,0,1,1,0,1
264,2,4000,0,0,0,0,0,0,1,0,0,0,0,,1,0,0,0,0,0,0,0,0,0,,3,,0,1,,1,1,0,0,0,1,1,1,,1,2,1,1,1,1,1,0,1,0,1,0,0,1,0,0,0,0,0,0,1,0,1
348,2,3000,0,0,1,0,0,0,0,0,0,0,0,,1,0,0,0,0,0,0,0,0,0,,5,,51,3,,2,,,,,,,,,2,2,2,,,,,,,,,,,1,0,1,1,0,0,0,0,1,1
484,2,15000,0,0,1,0,0,0,0,0,0,0,0,,0,0,0,0,0,0,1,0,0,0,,1,,0,1,,1,0,1,0,0,0,2,1,,1,1,1,1,1,1,1,0,1,0,1,0,0,1,1,1,1,1,1,1,1,1,1
390,2,150,0,0,0,0,1,0,0,0,0,0,0,,1,0,0,0,0,0,0,0,0,0,,5,,35,3,,2,,,,,,,,,2,2,1,1,0,0,0,0,1,0,0,0,0,1,0,1,0,0,0,0,0,0,0
182,2,6000,0,0,0,0,0,0,1,0,0,0,0,,1,0,0,0,0,0,0,0,0,0,,1,,45,3,,1,1,1,0,0,1,1,1,,2,2,1,1,1,1,0,0,1,1,0,0,0,1,0,1,0,0,0,0,0,1,1
118,2,5000,0,0,0,0,1,0,0,0,0,0,0,,1,0,0,0,0,0,0,0,0,0,,1,,0,2,,1,1,1,0,0,0,1,1,,1,1,1,1,1,1,1,0,1,0,1,0,0,1,1,1,1,1,1,0,1,1,1
316,2,1200,0,0,1,0,0,0,0,0,0,0,0,,1,0,0,0,0,0,0,0,0,0,,1,,115,1,,1,0,1,0,0,0,2,1,,1,1,1,1,1,1,0,0,1,1,0,0,0,1,1,1,1,1,1,1,1,1,1
340,2,1200,0,0,1,0,0,0,0,0,0,0,0,,0,1,0,0,0,0,0,0,0,0,,1,,25,3,,2,,,,,,,,,2,2,1,1,1,0,0,0,0,1,0,0,0,1,0,1,1,0,0,0,0,0,1
130,2,1117,0,0,1,0,0,0,0,0,0,0,0,,1,0,0,0,0,0,0,0,0,0,,1,,14,3,,1,1,1,0,0,1,2,1,,2,2,1,1,1,1,1,0,0,1,1,0,0,1,1,1,0,1,0,0,0,0,1
412,2,7000,0,0,0,0,1,0,0,0,0,0,0,,1,0,0,0,0,0,0,0,0,0,,1,,28,3,,2,,,,,,,,,2,2,1,1,0,1,0,0,0,0,1,0,0,1,1,1,1,0,0,1,1,1,1
103,2,200,0,0,0,0,0,0,0,0,1,0,0,,0,0,0,0,0,0,0,1,0,0,,1,,7,2,,1,0,1,0,0,0,2,3,,2,2,1,1,1,1,1,0,1,0,1,0,0,1,1,1,0,0,0,0,0,0,0
291,2,1500,0,0,0,0,0,0,0,1,0,0,0,,1,0,0,0,0,0,0,0,0,0,,4,,50,3,,1,1,1,0,0,0,2,4,,2,2,1,1,0,1,0,0,1,0,1,0,0,1,0,0,0,0,0,0,0,0,0
468,2,5216,0,0,0,0,1,0,0,0,0,0,0,,0,0,0,0,0,0,1,0,0,0,,1,,0,1,,1,1,1,0,0,1,2,1,,1,1,1,1,1,1,1,0,1,0,0,1,0,1,0,1,1,1,1,1,1,1,1
40,2,600,0,0,0,0,0,0,0,1,0,0,0,,0,0,1,0,0,0,0,0,0,0,,4,,50,3,,2,,,,,,,,,2,2,2,,,,,,,,,,,1,0,1,0,0,0,0,0,0,0
138,2,2355,0,0,0,0,0,0,1,0,0,0,0,,1,0,0,0,0,0,0,0,0,0,,2,,50,3,,1,1,1,0,1,1,1,1,,2,2,1,1,0,1,0,1,1,0,1,0,0,1,1,1,1,1,0,1,0,1,1
81,2,1200,0,0,0,0,0,0,1,0,0,0,0,,0,0,0,1,0,0,0,0,0,0,,2,,40,3,,1,0,1,0,0,0,2,4,,2,2,2,,,,,,,,,,,1,0,0,0,0,0,0,0,0,1
384,2,500,0,0,0,0,0,1,0,0,0,0,0,,1,0,0,0,0,0,0,0,0,0,,1,,50,3,,1,1,1,0,0,0,2,4,,2,1,1,1,0,0,0,0,1,0,0,0,0,1,0,1,1,0,0,0,0,0,0
14,2,500,0,0,0,0,0,0,0,1,0,0,0,,0,0,1,0,0,0,0,0,0,0,,5,,25,3,,2,,,,,,,,,2,2,2,,,,,,,,,,,1,1,1,0,1,1,1,0,0,1
322,2,1400,0,0,1,0,0,0,0,0,0,0,0,,1,0,0,0,0,0,0,0,0,0,,1,,17,3,,1,0,1,0,0,1,2,4,,2,2,1,1,1,1,0,0,1,0,0,0,0,1,0,1,1,0,0,0,0,0,1
198,2,3000,0,0,0,0,1,0,0,0,0,0,0,,1,0,0,0,0,0,0,0,0,0,,1,,30,2,,1,1,1,0,0,1,2,3,,2,2,1,1,1,1,0,0,1,1,0,0,0,1,0,1,0,1,0,0,0,0,1
450,2,15000,0,0,1,0,0,0,0,0,0,0,0,,0,0,0,0,0,0,0,1,0,0,,3,,0,2,,1,1,1,0,0,0,2,1,,1,1,1,1,1,1,1,1,1,0,1,0,0,1,0,1,0,0,0,0,1,1,1
4,2,3000,0,0,0,0,1,0,0,0,0,0,0,,0,0,0,0,0,0,1,0,0,0,,1,,0,1,,1,1,0,0,0,0,1,1,,1,1,1,1,1,1,1,0,0,1,1,0,0,1,0,1,1,1,1,1,1,1,1
46,2,30000,0,0,0,0,0,0,0,1,0,0,0,,0,0,0,1,0,0,0,0,0,0,,5,,75,3,,2,,,,,,,,,2,2,2,,,,,,,,,,,1,0,1,0,0,0,0,0,0,0
360,2,6000,0,0,0,1,0,0,0,0,0,0,0,,1,0,0,0,0,0,0,0,0,0,,1,,95,1,,1,1,1,0,0,1,2,1,,1,1,1,1,1,1,0,0,1,0,1,0,0,1,1,1,1,0,0,1,1,1,1
122,2,2000,0,0,0,0,1,0,0,0,0,0,0,,1,0,0,0,0,0,0,0,0,0,,2,,9,2,,1,1,1,0,0,0,1,1,,1,1,1,1,0,1,0,0,1,0,1,0,0,1,1,1,1,1,0,0,1,1,1
458,2,25000,0,0,1,0,0,0,0,0,0,0,0,,0,0,0,0,0,0,1,0,0,0,,1,,1,1,,1,0,1,0,0,0,2,1,,1,1,1,1,1,1,1,0,1,0,1,0,0,1,1,1,1,0,0,0,1,1,1
262,2,2500,0,0,0,0,0,0,0,1,0,0,0,,1,0,0,0,0,0,0,0,0,0,"EXODE",2,,10,2,,2,,,,,,,,,2,2,1,1,1,1,0,0,0,1,1,0,0,1,1,1,0,0,0,0,1,0,0
344,2,2000,0,0,0,0,0,0,1,0,0,0,0,,1,0,0,0,0,0,0,0,0,0,,2,,28,3,,2,,,,,,,,,2,2,1,0,0,0,0,1,0,0,0,0,1,0,0,0,0,0,0,0,0,0,0
174,2,2000,0,0,0,0,1,0,0,0,0,0,0,,1,0,0,0,0,0,0,0,0,0,,1,,67,3,,1,1,0,0,0,0,1,1,,2,2,2,,,,,,,,,,,1,1,0,0,0,0,0,1,0,0
356,2,6000,0,0,1,0,0,0,0,0,0,0,0,,1,0,0,0,0,0,0,0,0,0,,2,,18,1,,1,1,1,0,1,1,2,1,,1,1,1,1,1,1,0,0,0,0,1,0,0,1,1,1,1,1,1,1,0,1,1
328,2,1969,0,0,1,0,0,0,0,0,0,0,0,,1,0,0,0,0,0,0,0,0,0,,1,,25,1,,1,1,1,0,0,1,1,1,,1,1,1,1,1,1,1,0,1,0,1,0,0,1,0,1,1,1,1,1,1,1,1
310,2,850,0,0,0,0,1,0,0,0,0,0,0,,1,0,0,0,0,0,0,0,0,0,,4,,63,2,,1,1,1,0,0,0,2,1,,2,2,1,1,0,0,0,0,1,0,0,0,0,1,0,1,0,0,0,0,0,1,1
470,2,5000,0,0,1,0,0,0,0,0,0,0,0,,0,0,0,0,0,0,0,0,1,0,,1,,0,1,,1,1,1,0,0,1,2,1,,1,1,1,1,1,1,1,0,0,1,1,0,0,1,0,1,1,0,0,1,1,1,1
472,2,5000,0,0,1,0,0,0,0,0,0,0,0,,0,0,0,0,0,0,0,0,1,0,,1,,0,1,,1,1,1,0,0,0,2,1,,1,1,1,1,1,1,1,0,0,1,1,0,0,1,0,1,1,0,0,1,1,1,1
256,2,12624,0,0,0,0,1,0,0,0,0,0,0,,1,0,0,0,0,0,0,0,0,0,,1,,0,1,,1,1,1,0,0,1,1,1,,2,2,1,1,1,1,1,0,1,1,0,0,0,1,1,1,1,1,0,1,1,1,1
410,2,900,0,0,0,0,1,0,0,0,0,0,0,,1,0,0,0,0,0,0,0,0,0,,1,,10,3,,1,1,0,0,0,1,1,1,,2,2,1,1,1,1,0,0,1,0,1,0,0,1,1,0,0,0,0,0,0,0,0
218,2,600,0,0,0,0,1,0,0,0,0,0,0,,1,0,0,0,0,0,0,0,0,0,,1,,9,1,,1,1,1,0,0,1,2,1,,1,2,1,1,1,1,1,0,1,0,1,0,0,1,1,1,0,0,1,1,0,1,1
154,2,917,0,0,0,0,0,0,1,0,0,0,0,,1,0,0,0,0,0,0,0,0,0,,1,,45,2,,1,1,1,0,0,1,2,1,,2,2,1,1,1,1,0,0,1,0,1,0,0,1,0,1,0,0,0,0,0,0,0
438,2,1000,0,0,0,0,1,0,0,0,0,0,0,,1,0,0,0,0,0,0,0,0,0,,5,,8,3,,1,1,0,0,0,1,1,1,,2,2,1,1,1,1,0,0,1,1,0,0,0,1,0,0,0,0,0,1,0,0,0
90,2,1000,0,0,0,0,0,0,1,0,0,0,0,,0,0,0,1,0,0,0,0,0,0,,2,,9,3,,1,0,1,0,0,0,2,4,,2,2,1,1,0,1,0,0,,,,,,1,0,1,0,0,0,0,0,1,1
206,2,3000,0,0,0,0,1,0,0,0,0,0,0,,1,0,0,0,0,0,0,0,0,0,,1,,70,2,,1,1,1,0,0,1,2,1,,1,1,1,1,1,1,0,0,1,1,0,0,0,1,1,1,1,1,0,1,1,1,1
234,2,5500,0,0,0,0,1,0,0,0,0,0,0,,1,0,0,0,0,0,0,0,0,0,,5,,75,3,,1,1,1,0,0,0,2,3,,2,1,1,1,0,0,0,0,1,0,0,0,0,1,0,1,1,0,0,0,1,0,1
478,2,30000,0,0,1,0,0,0,0,0,0,0,0,,0,0,0,0,0,0,0,0,1,0,,1,,0,1,,1,0,1,0,0,0,2,1,,1,1,1,1,1,1,1,0,1,0,1,0,0,1,1,1,1,0,0,1,1,1,1
436,2,4000,0,0,0,0,1,0,0,0,0,0,0,,1,0,0,0,0,0,0,0,0,0,,2,,0,1,,1,1,1,0,0,0,1,1,,1,1,1,1,1,1,1,0,1,0,1,0,0,1,1,1,1,1,0,1,1,1,1
170,2,1000000,0,0,0,0,1,0,0,0,0,0,0,,1,0,0,0,0,0,0,0,0,0,,1,,0,1,,1,1,1,0,0,1,2,1,,1,1,1,1,1,1,1,0,1,1,0,0,0,1,1,1,1,1,1,1,1,1,1
96,2,100,1,0,0,0,0,0,0,0,0,0,0,,0,0,0,1,0,0,0,0,0,0,,7,"SOMMET DE DUNE",25,3,,2,,,,,,,,,2,2,2,,,,,,,,,,,1,0,0,0,0,0,0,0,0,0
392,2,300,0,0,0,0,1,0,0,0,0,0,0,,1,0,0,0,0,0,0,0,0,0,,2,,12,3,,1,0,1,0,0,0,2,2,,2,2,1,1,1,1,0,0,1,1,0,0,0,1,1,1,0,0,0,0,0,0,1
286,2,10000,0,0,0,0,1,0,0,0,0,0,0,,1,0,0,0,0,0,0,0,0,0,,4,,23,2,,1,1,1,0,0,1,2,2,,2,1,1,1,1,1,0,0,1,0,1,0,0,1,1,1,1,0,1,0,1,1,1
488,2,1800,0,0,0,0,1,0,0,0,0,0,0,,0,0,0,0,0,0,1,0,0,0,,2,,0,2,,1,1,1,0,0,0,1,1,,1,1,1,1,1,1,1,0,1,1,0,0,0,1,1,1,1,1,1,0,1,1,1
208,2,2325,0,0,0,0,1,0,0,0,0,0,0,,1,0,0,0,0,0,0,0,0,0,,1,,18,3,,2,,,,,,,,,2,1,1,1,0,1,0,0,1,0,1,0,0,1,1,1,1,1,0,1,1,1,1
490,2,5350,0,0,1,0,0,0,0,0,0,0,0,,0,0,0,0,0,0,1,0,0,0,,1,,0,1,,1,0,1,0,0,0,2,1,,1,1,1,1,1,1,1,0,1,1,0,0,0,1,1,1,1,1,1,1,1,1,1
194,2,3500,0,0,0,0,1,0,0,0,0,0,0,,1,0,0,0,0,0,0,0,0,0,,1,,44,1,,1,1,1,0,0,0,2,1,,2,2,1,1,1,1,0,1,1,0,0,0,1,1,1,1,1,0,0,0,0,0,1
350,2,950,0,0,1,0,0,0,0,0,0,0,0,,1,0,0,0,0,0,0,0,0,0,,2,,50,2,,1,0,1,0,0,1,2,3,,2,2,1,1,1,1,0,0,1,0,1,0,0,1,0,1,0,0,0,0,0,0,1
703,2,12000,0,0,0,0,0,1,0,0,0,0,0,,1,0,0,0,0,0,0,0,0,0,,5,,0,1,,1,1,1,0,0,1,1,1,,1,1,1,1,1,1,1,0,1,0,1,0,0,1,1,1,1,1,0,1,1,1,1
60,2,2000,0,0,0,0,1,0,0,0,0,0,0,,1,0,0,0,0,0,0,0,0,0,,1,,0,1,,1,1,1,0,0,0,1,1,,1,1,1,1,1,1,1,0,1,0,1,0,0,1,1,1,1,0,0,1,1,1,1
190,2,900,0,0,0,0,1,0,0,0,0,0,0,,1,0,0,0,0,0,0,0,0,0,,1,,3,1,,1,1,1,0,0,1,2,1,,1,1,1,1,1,1,1,0,1,1,0,0,0,1,1,1,1,1,0,0,0,1,1
192,2,1500,0,0,0,0,1,0,0,0,0,0,0,,1,0,0,0,0,0,0,0,0,0,,2,,24,3,,1,1,1,0,0,1,1,1,,2,2,1,1,1,0,0,0,1,1,0,0,0,1,0,1,1,1,0,0,1,1,1
364,2,350,0,0,0,0,1,0,0,0,0,0,0,,1,0,0,0,0,0,0,0,0,0,,2,,80,3,,1,1,1,0,0,1,2,4,,2,1,1,1,0,0,0,0,1,0,0,0,0,1,0,1,0,0,0,0,0,1,1
65,2,1500,0,0,0,0,0,1,0,0,0,0,0,,1,0,0,0,0,0,0,0,0,0,,1,,25,1,,1,0,1,0,0,0,2,1,,1,2,1,1,1,1,1,0,1,0,1,0,0,1,0,1,1,0,0,0,1,0,1
26,2,4500,0,0,0,0,1,0,0,0,0,0,0,,0,0,0,0,0,0,1,0,0,0,,1,,0,1,,1,1,1,0,0,1,2,1,,1,1,1,1,1,1,1,1,1,0,1,0,0,1,1,1,1,1,0,1,1,1,1
144,2,4792,0,0,0,0,1,0,0,0,0,0,0,,1,0,0,0,0,0,0,0,0,0,,5,,7,2,,1,1,1,0,1,1,2,1,,2,1,1,1,1,1,0,1,0,1,0,0,1,1,1,1,1,1,1,1,1,1,1
158,2,213,0,0,0,0,1,0,0,0,0,0,0,,1,0,0,0,0,0,0,0,0,0,,1,,5,2,,1,1,1,0,0,1,1,1,,2,2,1,1,1,1,0,0,1,0,1,0,0,1,0,1,0,0,0,0,1,0,1
330,2,1300,0,0,1,0,0,0,0,0,0,0,0,,1,0,0,0,0,0,0,0,0,0,,1,,3,2,,1,1,1,0,0,0,2,1,,2,2,1,1,1,1,1,0,1,0,1,0,0,1,0,1,1,0,0,0,0,1,1
50,2,4500,0,0,0,0,1,0,0,0,0,0,0,,0,0,1,0,0,0,0,0,0,0,,5,,20,3,,2,,,,,,,,,2,2,2,,,,,,,,,,,1,0,1,1,0,0,0,0,0,0
710,2,7000,0,0,1,0,0,0,0,0,0,0,0,,0,0,0,0,0,0,1,0,0,0,,1,,0,1,,1,1,1,0,0,0,2,1,,1,1,1,1,1,1,1,0,1,0,1,0,0,1,0,1,1,0,1,1,1,1,1
66,2,2000,0,0,0,0,0,1,0,0,0,0,0,,1,0,0,0,0,0,0,0,0,0,,1,,0,3,,1,1,1,0,0,0,1,1,,2,2,1,1,1,1,1,0,1,0,1,0,0,1,1,0,0,1,0,0,0,0,1
386,2,500,0,0,0,0,1,0,0,0,0,0,0,,1,0,0,0,0,0,0,0,0,0,,5,,17,3,,2,,,,,,,,,2,2,1,1,1,1,0,0,1,1,0,0,0,1,0,1,0,0,0,1,0,1,1
152,2,1123,0,0,0,0,1,0,0,0,0,0,0,,1,0,0,0,0,0,0,0,0,0,,5,,25,2,,1,1,1,0,0,1,2,1,,2,2,1,1,1,1,0,0,1,0,1,0,0,1,0,1,1,0,0,1,1,1,0
496,2,5298,0,0,1,0,0,0,0,0,0,0,0,,0,0,0,0,0,0,0,0,1,0,,5,,0,1,,1,1,1,0,1,1,2,1,,1,1,1,1,1,1,1,0,1,0,0,1,0,1,0,1,1,1,1,1,1,1,1
324,2,900,0,0,1,0,0,0,0,0,0,0,0,,1,0,0,0,0,0,0,0,0,0,,2,,30,3,,1,0,1,0,0,0,2,1,,2,2,1,1,1,1,1,0,1,0,1,0,0,1,1,1,0,0,0,0,0,0,1
418,2,2500,0,0,0,0,1,0,0,0,0,0,0,,1,0,0,0,0,0,0,0,0,0,,2,,53,3,,1,1,1,0,0,1,2,1,,2,1,1,1,1,1,1,0,1,1,0,0,0,1,1,1,1,0,0,1,1,1,1
298,2,1400,0,0,0,0,1,0,0,0,0,0,0,,1,0,0,0,0,0,0,0,0,0,,1,,17,3,,1,1,1,0,0,1,2,3,,2,1,1,1,1,1,1,0,1,0,1,0,0,1,0,1,0,0,0,0,0,0,1
238,2,2000,0,0,0,0,1,0,0,0,0,0,0,,1,0,0,0,0,0,0,0,0,0,"EXODE",1,,55,2,,1,1,0,0,0,1,1,1,,2,2,1,1,1,1,0,0,1,1,0,0,0,1,0,1,0,0,1,0,0,0,0
336,2,1050,0,0,1,0,0,0,0,0,0,0,0,,0,1,0,0,0,0,0,0,0,0,,1,,25,3,,2,,,,,,,,,2,2,2,,,,,,,,,,,1,0,1,1,0,0,1,0,0,1
24,2,350,1,0,0,0,0,0,0,0,0,0,0,,0,0,0,1,0,0,0,0,0,0,,5,,70,3,,1,1,1,0,0,0,2,3,,2,1,1,0,0,1,0,0,0,0,1,0,0,1,0,0,0,0,0,0,0,0,0
30,2,10000,0,0,0,0,1,0,0,0,0,0,0,,0,0,0,0,0,0,1,0,0,0,,5,,0,1,,1,1,1,0,0,0,1,1,,1,1,1,1,1,1,1,0,0,1,1,0,0,1,0,1,1,1,1,1,1,1,1
372,2,300,0,0,0,0,1,0,0,0,0,0,0,,1,0,0,0,0,0,0,0,0,0,,5,,32,3,,1,1,1,0,0,0,2,3,,2,2,1,1,1,1,1,0,0,0,1,1,0,1,0,1,1,0,0,1,1,1,1
368,2,4000,0,0,0,0,1,0,0,0,0,0,0,,1,0,0,0,0,0,0,0,0,0,,4,,55,3,,2,,,,,,,,,2,1,2,,,,,,,,,,,1,0,1,1,0,0,0,1,1,1
432,2,900,0,0,0,0,0,0,0,0,1,0,0,,0,0,0,1,0,0,0,0,0,0,,1,,40,3,,2,,,,,,,,,2,2,2,,,,,,,,,,,1,0,1,1,0,0,0,0,0,0
224,2,5655,0,0,0,0,1,0,0,0,0,0,0,,1,0,0,0,0,0,0,0,0,0,,1,,0,1,,1,1,1,0,0,1,2,1,,1,1,1,1,1,1,1,0,1,0,1,0,0,1,1,1,1,1,1,1,1,1,1
318,2,4200,0,0,1,0,0,0,0,0,0,0,0,,1,0,0,0,0,0,0,0,0,0,,3,,42,3,,1,0,1,0,0,1,2,4,,2,2,2,,,,,,,,,,,1,0,1,0,0,0,0,0,0,1
184,2,5000,0,0,0,0,1,0,0,0,0,0,0,,1,0,0,0,0,0,0,0,0,0,,2,,0,1,,1,1,0,0,0,1,1,1,,1,1,1,1,1,1,1,0,1,0,1,0,0,1,0,1,1,0,1,0,1,0,1
704,2,1000,0,0,0,0,0,1,0,0,0,0,0,,1,0,0,0,0,0,0,0,0,0,,3,,0,1,,1,1,1,0,0,0,1,1,,1,1,1,1,1,1,1,0,1,0,1,0,0,1,0,1,1,1,0,0,1,1,1
12,2,30000,0,0,0,0,0,0,0,1,0,0,0,,0,0,0,1,0,0,0,0,0,0,,2,,110,3,,2,,,,,,,,,2,2,2,,,,,,,,,,,1,0,0,0,0,0,0,0,0,0
288,2,2500,0,0,0,0,1,0,0,0,0,0,0,,0,0,1,0,0,0,0,0,0,0,,5,,38,1,,1,1,1,0,0,1,2,4,,2,1,1,1,1,1,0,0,1,0,1,0,0,1,0,1,1,0,0,0,1,0,1
320,2,5000,0,0,1,0,0,0,0,0,0,0,0,,1,0,0,0,0,0,0,0,0,0,,5,,15,2,,1,0,1,0,0,0,2,2,,1,1,1,1,1,1,1,0,1,0,1,0,0,1,0,1,0,0,0,0,0,1,1
70,2,5000,0,0,0,0,0,1,0,0,0,0,0,,1,0,0,0,0,0,0,0,0,0,,1,,44,3,,1,0,1,0,0,0,2,4,,2,2,1,1,0,1,0,0,1,0,1,0,0,1,1,1,1,0,0,0,0,1,1
374,2,250,0,0,0,0,1,0,0,0,0,0,0,,1,0,0,0,0,0,0,0,0,0,,4,,24,3,,1,1,1,0,0,0,2,3,,2,2,1,1,1,1,1,0,1,1,0,0,0,1,0,0,0,0,0,0,1,0,0
108,2,270,0,0,1,0,0,0,0,0,0,0,0,,1,0,0,0,0,0,0,0,0,0,,1,,16,3,,1,1,1,0,0,0,2,3,,2,1,1,1,0,1,0,0,1,0,1,0,0,1,0,1,0,0,0,0,0,0,1
278,2,2100,0,0,0,0,1,0,0,0,0,0,0,,1,0,0,0,0,0,0,0,0,0,,3,,9,1,,1,1,1,0,0,1,2,1,,1,1,1,1,1,1,1,0,1,1,0,0,0,1,1,1,1,1,1,0,0,1,1
240,2,6000,0,0,0,0,1,0,0,0,0,0,0,,1,0,0,0,0,0,0,0,0,0,,2,,30,2,,1,1,0,0,0,0,1,1,,2,1,1,1,0,1,0,0,0,0,1,0,0,1,0,1,1,0,0,0,1,1,1
156,2,103,0,0,0,0,1,0,0,0,0,0,0,,1,0,0,0,0,0,0,0,0,0,,1,,16,3,,1,1,1,0,0,1,1,1,,2,2,1,1,0,0,0,0,1,0,0,0,0,1,0,0,0,0,0,0,0,0,0
408,2,1500,0,0,0,0,1,0,0,0,0,0,0,,1,0,0,0,0,0,0,0,0,0,,1,,15,3,,1,1,0,0,0,1,1,1,,2,2,1,1,1,1,1,0,1,0,1,0,0,1,1,1,0,0,0,1,0,0,1
34,2,4000,0,0,0,0,1,0,0,0,0,0,0,,0,0,0,0,0,0,1,0,0,0,,3,,0,3,,1,1,1,0,0,0,1,1,,1,1,1,1,1,1,1,0,1,1,0,0,0,1,0,0,1,0,0,0,0,0,1
474,2,3000,0,0,1,0,0,0,0,0,0,0,0,,0,0,0,0,0,0,1,0,0,0,,1,,0,1,,1,1,1,0,0,0,2,1,,1,1,1,1,1,1,1,0,1,0,1,0,0,1,0,1,1,0,0,0,1,1,1
274,2,2000,0,0,0,0,1,0,0,0,0,0,0,,1,0,0,0,0,0,0,0,0,0,,3,,50,3,,2,,,,,,,,,2,2,1,1,1,1,0,0,1,1,0,0,0,1,0,1,0,0,0,0,0,0,1
378,2,500,0,0,0,0,0,1,0,0,0,0,0,,1,0,0,0,0,0,0,0,0,0,,1,,80,3,,1,1,1,0,0,1,2,4,,1,2,2,,,,,,,,,,,1,1,1,1,1,0,0,1,0,0
128,2,4844,0,0,1,0,0,0,0,0,0,0,0,,1,0,0,0,0,0,0,0,0,0,,1,,27,2,,1,1,1,0,0,1,2,1,,1,1,1,1,1,1,1,0,1,1,0,0,0,1,1,1,1,1,1,1,1,1,1
166,2,2000,0,0,0,0,1,0,0,0,0,0,0,,1,0,0,0,0,0,0,0,0,0,,1,,25,3,,1,1,1,0,0,1,1,1,,2,2,1,1,1,1,0,0,1,1,0,0,0,1,1,1,1,1,0,1,0,1,1
102,2,500,0,0,0,0,0,0,0,0,1,0,0,,0,0,0,1,0,0,0,0,0,0,,7,"ÉDIFICE DES DUNES DES SABLES",60,3,,2,,,,,,,,,2,2,1,0,0,0,0,1,0,0,0,0,1,1,0,0,0,0,0,0,0,0,1
482,2,2000,0,0,0,0,1,0,0,0,0,0,0,,0,0,0,0,0,0,0,0,0,1,"FONCTINNAIRE",1,,0,1,,1,1,1,0,0,0,2,1,,1,1,1,1,1,1,1,0,1,0,1,0,0,1,0,1,1,0,0,0,0,1,1
132,2,1092,0,0,1,0,0,0,0,0,0,0,0,,1,0,0,0,0,0,0,0,0,0,,5,,20,2,,1,1,1,0,0,1,1,1,,2,1,1,1,1,1,1,0,1,1,0,0,0,1,1,1,0,1,0,1,0,0,1
454,2,10650,0,0,1,0,0,0,0,0,0,0,0,,0,0,0,0,0,0,1,0,0,0,,1,,0,1,,1,0,1,0,0,0,2,1,,1,1,1,1,1,1,1,0,1,0,1,0,0,1,1,1,1,1,1,1,1,1,1
346,2,1100,0,0,1,0,0,0,0,0,0,0,0,,1,0,0,0,0,0,0,0,0,0,,5,,15,3,,2,,,,,,,,,2,2,2,,,,,,,,,,,1,0,1,1,0,0,1,0,1,1
494,2,19970,0,0,1,0,0,0,0,0,0,0,0,,0,0,0,0,0,0,1,0,0,0,,1,,0,1,,1,1,1,0,0,1,2,1,,1,1,1,1,1,1,1,0,1,0,0,1,0,1,0,1,1,1,1,1,1,1,1
164,2,3000,0,0,0,0,0,0,0,1,0,0,0,,0,0,0,1,0,0,0,0,0,0,,5,,120,3,,1,1,1,0,0,1,1,1,,2,2,2,,,,,,,,,,,1,0,1,0,0,0,1,0,0,0
160,2,1000,0,0,0,0,1,0,0,0,0,0,0,,1,0,0,0,0,0,0,0,0,0,,1,,32,3,,1,1,1,0,0,1,2,4,,2,1,1,1,0,0,0,0,1,0,0,0,0,1,1,1,0,0,0,1,1,1,1
456,2,27000,0,0,0,0,1,0,0,0,0,0,0,,0,0,0,0,0,0,1,0,0,0,,1,,0,1,,1,0,1,0,0,0,2,1,,1,1,1,1,1,1,1,0,1,0,1,0,0,1,1,1,1,0,0,0,1,0,0
312,2,930,0,0,1,0,0,0,0,0,0,0,0,,1,0,0,0,0,0,0,0,0,0,,4,,60,2,,1,0,1,0,0,0,2,1,,2,2,1,1,0,1,0,0,1,0,1,0,0,1,1,1,1,0,0,1,0,0,1
106,2,1320,0,0,1,0,0,0,0,0,0,0,0,,1,0,0,0,0,0,0,0,0,0,,4,,31,2,,1,0,1,0,0,0,2,3,,1,1,1,1,1,0,0,0,1,1,0,0,0,1,0,1,1,0,0,1,0,1,1
402,2,500,0,0,0,0,0,0,1,0,0,0,0,,1,0,0,0,0,0,0,0,0,0,,2,,7,3,,2,,,,,,,,,2,2,1,1,0,1,0,1,1,0,0,0,1,1,0,0,0,0,0,0,0,0,0
430,2,450,0,0,0,0,1,0,0,0,0,0,0,,0,0,0,0,0,0,0,1,0,0,,4,,0,1,,1,1,1,0,0,1,2,1,,1,1,1,1,1,1,1,0,1,0,1,0,0,1,0,1,1,0,1,1,1,1,1
352,2,7000,0,0,1,0,0,0,0,0,0,0,0,,0,0,0,0,0,0,1,0,0,0,,1,,0,1,,1,1,1,0,0,0,2,1,,1,1,1,1,1,1,1,0,1,0,1,0,0,1,0,1,1,0,1,1,1,1,1
204,2,2000,0,0,0,0,1,0,0,0,0,0,0,,1,0,0,0,0,0,0,0,0,0,,1,,40,3,,1,1,0,0,0,0,1,2,,2,2,1,1,0,1,0,0,1,0,1,0,0,1,1,1,1,1,0,1,1,1,1
200,2,1000,0,0,0,0,0,0,1,0,0,0,0,,1,0,0,0,0,0,0,0,0,0,,1,,18,2,,1,1,1,0,0,1,1,1,,2,2,1,1,1,1,0,0,1,1,0,0,0,1,0,0,0,0,0,1,1,1,1
10,2,2000,0,0,0,0,1,0,0,0,0,0,0,,0,0,0,0,0,0,1,0,0,0,,1,,0,2,,1,1,1,0,0,0,1,1,,1,2,1,1,1,1,1,0,0,1,1,0,0,1,1,1,1,0,1,1,1,1,1
56,2,10000,0,0,0,0,0,1,0,0,0,0,0,,1,0,0,0,0,0,0,0,0,0,,1,,25,3,,1,0,1,0,0,0,2,1,,1,1,1,1,1,1,1,1,1,0,1,0,0,1,1,1,1,1,1,1,1,1,1
162,2,3000,0,0,0,0,1,0,0,0,0,0,0,,1,0,0,0,0,0,0,0,0,0,,1,,30,2,,1,1,1,0,0,1,2,3,,2,1,1,0,1,1,0,0,1,1,0,0,0,1,0,1,1,0,0,1,1,1,1
306,2,325,0,0,0,0,0,0,0,1,0,0,0,,0,0,0,1,0,0,0,0,0,0,,5,,4,3,,2,,,,,,,,,2,2,1,1,1,1,0,0,0,1,1,0,0,0,1,0,0,0,0,1,0,0,1
708,2,9000,0,0,1,0,0,0,0,0,0,0,0,,1,0,0,0,0,0,0,0,0,0,,2,,0,1,,1,1,1,0,0,1,1,1,,1,1,1,1,1,1,1,0,1,0,1,0,0,1,0,1,0,1,0,1,0,1,1
289,2,450,0,0,0,0,1,0,0,0,0,0,0,,1,0,0,0,0,0,0,0,0,0,,3,,35,2,,1,1,1,0,0,1,2,4,,2,2,1,1,1,1,0,0,0,1,1,0,0,1,0,1,0,0,0,0,0,0,0
276,2,3000,0,0,0,0,1,0,0,0,0,0,0,,0,0,1,0,0,0,0,0,0,0,,1,,50,2,,1,1,0,0,0,1,1,1,,2,1,1,1,1,1,0,0,1,1,0,0,0,1,1,1,0,0,0,0,0,0,1
114,2,2000,0,0,0,0,1,0,0,0,0,0,0,,1,0,0,0,0,0,0,0,0,0,,2,,7,3,,1,0,1,0,0,1,2,4,,2,2,2,,,,,,,,,,,1,0,1,0,0,0,0,0,0,1
354,2,1060,0,0,1,0,0,0,0,0,0,0,0,,1,0,0,0,0,0,0,0,0,0,,1,,50,3,,1,0,1,0,0,1,2,3,,2,2,1,1,1,1,0,0,0,0,1,0,0,1,1,1,1,1,0,1,1,1,1
124,2,2321,0,0,0,0,1,0,0,0,0,0,0,,1,0,0,0,0,0,0,0,0,0,,2,,9,3,,1,0,1,0,0,0,2,4,,2,1,2,,,,,,,,,,,1,0,1,1,0,0,0,1,1,1
342,2,1033,0,0,1,0,0,0,0,0,0,0,0,,1,0,0,0,0,0,0,0,0,0,,1,,0,1,,1,1,1,0,1,1,2,1,,1,1,1,1,1,1,1,0,1,0,1,0,0,1,0,1,1,1,1,1,1,1,1
270,2,2000,0,0,0,0,1,0,0,0,0,0,0,,0,0,0,0,0,0,0,0,0,1,"L EXODE",4,,2,3,,2,,,,,,,,,2,1,1,1,1,1,0,0,1,0,0,0,0,1,0,1,0,0,0,0,0,0,1
414,2,3000,0,0,0,0,1,0,0,0,0,0,0,,1,0,0,0,0,0,0,0,0,0,,1,,9,2,,1,1,1,0,0,1,1,1,,1,2,1,1,1,1,0,0,0,0,1,0,0,1,0,1,1,0,0,1,1,1,0
500,2,2500,0,0,0,0,0,0,1,0,0,0,0,,0,0,0,1,0,0,0,0,0,0,,4,,0,1,,1,0,1,0,0,0,2,1,,1,1,1,1,1,1,1,0,1,0,1,0,0,1,0,1,1,1,0,1,0,1,1
428,2,300,0,0,0,0,1,0,0,0,0,0,0,,1,0,0,0,0,0,0,0,0,0,,2,,23,1,,1,1,1,0,0,0,2,1,,2,2,1,1,1,1,1,0,1,1,0,0,0,1,0,1,0,0,0,0,0,0,1
326,2,700,0,0,1,0,0,0,0,0,0,0,0,,1,0,0,0,0,0,0,0,0,0,,3,,35,3,,2,,,,,,,,,2,2,1,1,1,1,1,0,0,1,0,0,0,1,0,1,0,0,0,0,0,0,0
44,2,800,0,0,0,0,0,0,0,1,0,0,0,,0,0,1,0,0,0,0,0,0,0,,5,,40,3,,2,,,,,,,,,2,2,2,,,,,,,,,,,1,0,0,0,0,0,0,0,0,1
16,2,600,0,0,0,0,0,0,0,1,0,0,0,,0,0,1,0,0,0,0,0,0,0,,4,,0,3,,1,0,1,0,0,0,2,3,,1,1,1,1,1,1,1,0,1,1,0,0,0,1,1,1,1,1,1,1,1,1,1
422,2,257,0,0,0,0,1,0,0,0,0,0,0,,0,0,0,0,0,0,1,0,0,0,,5,,120,3,,1,1,1,0,0,1,2,3,,2,2,2,,,,,,,,,,,1,0,1,1,0,0,0,0,1,0
2,2,12000,0,0,0,0,0,0,0,1,0,0,0,,0,0,0,0,0,0,1,0,0,0,,1,,0,1,,1,1,1,0,0,1,1,1,,1,1,1,1,1,1,0,0,1,1,0,0,0,1,1,1,1,0,1,0,1,1,1
78,2,2000,0,0,0,0,0,1,0,0,0,0,0,,1,0,0,0,0,0,0,0,0,0,,1,,10,3,,1,0,1,0,0,0,2,1,,2,2,1,1,0,1,0,0,1,0,1,0,0,1,1,0,0,0,0,0,0,0,1
252,2,2000,0,0,0,0,1,0,0,0,0,0,0,,1,0,0,0,0,0,0,0,0,0,,3,,36,2,,1,1,0,0,0,1,1,3,,2,2,1,1,0,1,0,0,1,0,1,0,0,1,1,1,0,0,1,1,1,1,1
304,2,650,0,0,1,0,0,0,0,0,0,0,0,,1,0,0,0,0,0,0,0,0,0,,4,,20,3,,2,,,,,,,,,2,1,1,1,0,1,0,0,1,0,1,0,0,1,0,1,1,0,0,0,0,0,1
1,2,300,0,0,0,0,0,0,0,1,0,0,0,,0,0,0,1,0,0,0,0,0,0,,1,,90,3,,1,1,1,0,0,1,1,1,,2,2,2,,,,,,,,,,,1,0,1,1,0,0,0,1,0,0
480,2,10350,0,0,1,0,0,0,0,0,0,0,0,,0,0,0,0,0,0,1,0,0,0,,1,,0,1,,1,0,1,0,0,0,1,1,,1,1,1,1,1,1,1,0,1,0,1,0,0,1,1,1,1,1,1,1,1,1,1
366,2,500,0,0,0,0,0,1,0,0,0,0,0,,1,0,0,0,0,0,0,0,0,0,,1,,18,3,,2,,,,,,,,,2,1,1,1,0,1,0,0,1,0,0,0,0,1,0,1,0,0,0,0,0,0,1
140,2,300,0,0,0,0,1,0,0,0,0,0,0,,1,0,0,0,0,0,0,0,0,0,,5,,32,3,,1,1,0,0,0,1,1,1,,2,2,1,1,1,1,0,1,0,1,0,0,0,1,1,1,0,0,0,0,0,0,0
72,2,1500,0,0,0,0,0,0,1,0,0,0,0,,0,0,0,1,0,0,0,0,0,0,,2,,30,3,,1,0,1,0,0,0,2,4,,2,2,1,1,0,1,0,0,1,0,1,0,0,1,1,0,0,0,0,0,0,0,0
334,2,880,0,0,1,0,0,0,0,0,0,0,0,,1,0,0,0,0,0,0,0,0,0,,3,,55,2,,1,0,1,0,0,0,2,3,,2,2,2,,,,,,,,,,,1,0,1,0,0,0,0,0,0,1
282,2,650,0,0,0,0,0,0,0,1,0,0,0,,1,0,0,0,0,0,0,0,0,0,,2,,35,3,,1,1,1,0,0,0,1,2,,2,2,1,1,1,1,0,0,1,1,0,0,0,1,0,0,0,0,0,0,0,0,0
36,2,400,0,0,0,0,0,0,0,1,0,0,0,,0,0,0,1,0,0,0,0,0,0,,5,,9,1,,1,1,1,0,0,0,2,1,,2,2,1,1,1,1,1,0,1,0,1,0,0,1,0,1,1,0,0,0,0,0,1
460,2,25000,0,0,0,0,1,0,0,0,0,0,0,,0,0,0,0,0,0,1,0,0,0,,2,,0,1,,1,0,1,0,0,0,2,1,,1,1,1,1,1,1,1,0,1,0,1,0,0,1,1,1,1,1,1,1,1,1,1
150,2,850,0,0,1,0,0,0,0,0,0,0,0,,1,0,0,0,0,0,0,0,0,0,,3,,15,2,,1,0,1,0,0,0,2,1,,2,1,1,1,0,1,0,0,1,1,0,0,0,1,0,1,0,0,0,0,0,1,1
464,2,35000,0,0,0,0,1,0,0,0,0,0,0,,0,0,0,0,0,0,1,0,0,0,,1,,0,1,,1,0,1,0,0,0,2,1,,1,1,1,1,1,1,1,0,1,0,1,0,0,1,1,1,1,0,0,1,1,1,1
466,2,6000,0,0,1,0,0,0,0,0,0,0,0,,0,0,0,0,0,0,1,0,0,0,,1,,5,1,,1,0,1,0,0,0,2,1,,1,1,1,1,1,1,1,0,1,0,1,0,0,1,1,1,1,0,0,1,1,1,1
416,2,2500,0,0,0,0,1,0,0,0,0,0,0,,1,0,0,0,0,0,0,0,0,0,,2,,7,3,,1,1,1,0,0,1,1,1,,2,2,1,1,1,1,1,0,1,0,1,0,0,1,1,1,0,1,0,1,0,1,1
705,2,4000,0,0,0,0,0,0,1,0,0,0,0,,1,0,0,0,0,0,0,0,0,0,,1,,0,1,,1,1,1,0,0,0,1,1,,1,1,1,1,1,1,1,0,1,0,1,0,0,1,1,1,1,0,0,1,1,1,1
38,2,3000,0,0,0,0,1,0,0,0,0,0,0,,0,0,0,1,0,0,0,0,0,0,,5,,47,3,,2,,,,,,,,,2,2,2,,,,,,,,,,,1,0,1,1,1,0,0,0,0,0
476,2,7183,0,0,0,0,1,0,0,0,0,0,0,,0,0,0,0,0,0,1,0,0,0,,1,,0,1,,1,1,1,0,0,1,2,1,,1,1,1,1,1,1,1,0,1,0,0,1,0,1,0,1,1,0,0,1,1,1,1
220,2,10000,0,0,0,0,1,0,0,0,0,0,0,,1,0,0,0,0,0,0,0,0,0,,5,,38,3,,1,1,1,0,0,1,2,3,,2,1,1,1,1,1,0,0,1,0,1,0,0,1,1,1,1,1,0,1,0,1,1
404,2,500,0,0,0,0,1,0,0,0,0,0,0,,1,0,0,0,0,0,0,0,0,0,,5,,25,3,,1,1,1,0,0,1,1,1,,2,1,1,1,0,0,1,0,1,0,0,1,0,1,0,1,1,0,0,0,0,1,0
244,2,1000,0,0,0,0,1,0,0,0,0,0,0,,0,0,1,0,0,0,0,0,0,0,,2,,18,2,,1,1,0,0,0,0,1,3,,2,2,1,1,1,1,0,1,1,1,0,0,0,1,0,1,0,0,1,1,1,0,0
142,2,4375,0,0,1,0,0,0,0,0,0,0,0,,0,0,0,1,0,0,0,0,0,0,,1,,0,1,,1,1,1,0,1,1,2,1,,1,1,1,1,1,1,1,1,1,0,1,0,0,1,1,1,1,1,1,1,1,1,1
420,2,3000,0,0,0,0,1,0,0,0,0,0,0,,1,0,0,0,0,0,0,0,0,0,,1,,15,3,,2,,,,,,,,,2,1,1,1,1,1,1,0,1,0,1,0,0,1,0,1,0,0,0,1,1,0,0
296,2,2500,0,0,0,0,1,0,0,0,0,0,0,,1,0,0,0,0,0,0,0,0,0,,1,,0,1,,1,1,1,0,0,1,1,1,,1,1,1,1,1,1,1,0,1,0,1,0,0,1,1,1,0,1,1,1,1,1,1
136,2,4895,0,0,1,0,0,0,0,0,0,0,0,,1,0,0,0,0,0,0,0,0,0,,5,,83,2,,1,1,1,0,0,1,2,1,,2,1,1,1,1,1,1,0,1,0,1,0,0,1,1,1,1,1,1,1,1,1,1
28,2,1000,0,0,0,0,0,0,0,1,0,0,0,,0,0,0,1,0,0,0,0,0,0,,1,,0,1,,1,1,1,0,0,1,2,1,,1,1,1,1,1,1,1,0,1,0,1,0,0,1,1,1,1,0,1,0,1,1,1
222,2,8000,0,0,0,0,1,0,0,0,0,0,0,,1,0,0,0,0,0,0,0,0,0,,1,,5,1,,1,1,1,0,0,1,1,1,,2,2,1,1,1,1,1,0,1,0,1,0,0,1,0,1,0,0,1,1,1,1,1
59,2,1000,0,0,0,0,0,1,0,0,0,0,0,,1,0,0,0,0,0,0,0,0,0,,1,,7,3,,1,0,1,0,0,1,2,1,,2,2,1,1,1,1,1,0,1,0,1,0,0,1,1,1,1,0,0,0,0,0,1
98,2,650,0,0,0,0,0,0,1,0,0,0,0,,0,0,0,1,0,0,0,0,0,0,,1,,60,3,,1,0,1,0,0,0,2,4,,2,2,2,,,,,,,,,,,1,0,1,0,0,0,0,0,0,1
172,2,950,0,0,0,0,1,0,0,0,0,0,0,,1,0,0,0,0,0,0,0,0,0,,1,,60,3,,1,1,1,0,0,1,1,1,,2,2,2,,,,,,,,,,,1,1,0,0,0,0,0,0,0,1
110,2,2207,0,0,1,0,0,0,0,0,0,0,0,,1,0,0,0,0,0,0,0,0,0,,3,,28,2,,1,0,1,0,0,0,2,1,,2,1,1,1,1,1,0,0,1,1,0,0,0,1,0,1,1,0,0,1,0,1,1
266,2,10000,0,0,0,0,1,0,0,0,0,0,0,,1,0,0,0,0,0,0,0,0,0,,2,,30,2,,1,1,1,0,0,0,2,4,,1,1,1,1,0,0,0,0,1,0,0,0,0,1,0,1,1,0,0,0,1,1,1
268,2,5060,0,0,0,0,1,0,0,0,0,0,0,,0,0,1,0,0,0,0,0,0,0,,1,,3,3,,2,,,,,,,,,2,2,1,1,1,1,0,1,1,1,0,0,0,1,1,1,1,0,0,0,0,0,1
242,2,3000,0,0,0,0,1,0,0,0,0,0,0,,1,0,0,0,0,0,0,0,0,0,,1,,1,1,,1,1,1,0,0,0,1,1,,1,1,1,1,1,1,1,0,1,0,1,0,0,1,1,1,1,1,1,0,1,0,1
701,2,600,0,0,0,0,0,1,0,0,0,0,0,,1,0,0,0,0,0,0,0,0,0,,1,,7,1,,1,0,1,0,0,0,2,1,,2,2,1,1,1,1,1,0,1,0,1,0,0,1,0,0,0,0,0,0,0,0,0
48,2,400,0,0,0,0,0,0,0,1,0,0,0,,0,0,0,1,0,0,0,0,0,0,"migration",5,,40,3,,1,1,1,0,0,0,2,7,"occasionnellement. PAS des vehicules special",2,2,1,1,1,0,0,0,,,,,,1,0,0,0,0,0,0,0,0,0
32,2,15000,0,0,0,0,1,0,0,0,0,0,0,,0,0,0,1,0,0,0,0,0,0,,1,,0,1,,1,1,1,0,0,0,1,1,,1,1,1,1,1,1,1,0,1,0,1,0,0,1,1,1,1,0,0,0,0,1,1
6,2,1800,0,0,0,0,1,0,0,0,0,0,0,,0,0,0,0,0,0,0,0,1,0,,1,,0,1,,1,1,1,0,0,0,2,1,,1,1,1,1,1,1,0,0,0,1,1,0,0,1,1,1,1,1,1,1,1,1,1
707,2,12220,0,0,1,0,0,0,0,0,0,0,0,,0,0,0,0,0,0,0,0,1,0,,1,,0,1,,1,1,1,0,0,0,1,1,,1,1,1,1,1,1,1,0,1,0,1,0,0,1,0,1,0,0,0,1,0,1,1
254,2,2080,0,0,0,0,1,0,0,0,0,0,0,,1,0,0,0,0,0,0,0,0,0,,5,,45,2,,1,1,0,0,0,1,1,3,,1,2,1,1,0,1,0,0,0,0,1,0,0,1,1,1,0,0,0,0,1,0,1
277,2,7000,0,0,0,0,1,0,0,0,0,0,0,,1,0,0,0,0,0,0,0,0,0,,3,,12,2,,1,1,0,0,0,0,1,1,,2,2,1,0,1,0,0,0,0,1,0,0,0,1,0,1,1,0,0,0,0,0,1
20,2,2600,0,0,0,0,0,0,0,1,0,0,0,,0,0,0,1,0,0,0,0,0,0,,5,,80,3,,1,1,1,0,0,1,2,1,,2,2,2,,,,,,,,,,,1,1,1,1,0,0,0,1,1,1
176,2,500,0,0,0,0,1,0,0,0,0,0,0,,1,0,0,0,0,0,0,0,0,0,,5,,38,2,,1,1,1,0,0,0,2,3,,2,2,1,1,1,1,0,0,1,0,0,0,0,1,0,1,0,0,0,1,1,0,1
353,2,977,0,0,1,0,0,0,0,0,0,0,0,,1,0,0,0,0,0,0,0,0,0,,1,,75,3,,2,,,,,,,,,1,2,1,1,0,0,0,0,1,0,0,0,0,1,0,1,1,0,0,0,0,1,1
84,2,2000,0,0,0,0,0,1,0,0,0,0,0,,1,0,0,0,0,0,0,0,0,0,,1,,20,3,,1,0,1,0,0,1,2,3,,2,2,1,1,0,1,0,0,1,0,0,0,0,1,1,0,0,0,0,0,0,1,0
314,2,950,0,0,1,0,0,0,0,0,0,0,0,,1,0,0,0,0,0,0,0,0,0,,3,,12,3,,2,,,,,,,,,2,1,2,,,,,,,,,,,1,0,1,1,0,0,0,0,0,0
462,2,13000,0,0,1,0,0,0,0,0,0,0,0,,0,0,0,0,0,0,1,0,0,0,,1,,2,1,,1,0,1,0,0,0,2,1,,1,1,1,1,1,1,1,0,1,0,1,0,0,1,1,1,1,0,0,1,1,1,1
202,2,1750,0,0,0,0,1,0,0,0,0,0,0,,1,0,0,0,0,0,0,0,0,0,,3,,8,2,,1,1,1,0,0,1,1,1,,2,2,1,1,1,1,1,0,1,1,0,0,0,1,0,1,1,1,1,1,0,1,1
196,2,6692,0,0,0,0,1,0,0,0,0,0,0,,0,0,1,0,0,0,0,0,0,0,,5,,7,1,,1,1,1,0,0,1,2,1,,1,1,1,1,1,1,1,0,1,1,0,0,0,1,1,1,1,1,1,1,1,1,1
370,2,3000,0,0,0,0,1,0,0,0,0,0,0,,1,0,0,0,0,0,0,0,0,0,,3,,65,3,,1,1,1,0,0,0,1,4,,2,1,1,1,1,1,0,0,0,1,1,0,0,1,0,1,1,1,0,1,1,1,1
42,2,730,0,0,0,0,0,0,0,1,0,0,0,,0,0,1,0,0,0,0,0,0,0,,3,,36,3,,2,,,,,,,,,2,2,2,,,,,,,,,,,1,0,1,1,0,0,0,0,0,0
18,2,400,0,0,0,0,0,0,0,1,0,0,0,,0,0,0,0,0,0,0,0,0,1,"JARDINAGE(CULTURE DES ARBUSTES:PRODUCTION DES ORANGES,DATTES,GRENADINE ET AUTRES)",5,,130,3,,2,,,,,,,,,2,2,1,1,0,0,1,0,1,0,1,0,0,1,1,1,1,1,1,1,1,0,1
702,2,210000,0,0,0,0,1,0,0,0,0,0,0,,0,0,0,0,0,0,0,0,1,0,,1,,0,1,,1,1,1,0,0,1,1,1,,1,1,1,1,1,1,1,1,1,0,1,0,0,1,1,1,1,0,1,1,1,1,1
212,2,2000,0,0,0,0,1,0,0,0,0,0,0,,1,0,0,0,0,0,0,0,0,0,,1,,34,2,,1,1,1,0,0,0,2,1,,2,2,2,,,,,,,,,,,1,1,1,0,1,0,0,0,1,1
178,2,1000000,0,0,0,0,1,0,0,0,0,0,0,,1,0,0,0,0,0,0,0,0,0,,1,,100,2,,1,0,1,0,0,0,2,1,,2,2,1,1,0,1,0,0,1,0,1,0,0,1,1,0,0,0,0,0,0,0,1
280,2,800,0,0,0,0,1,0,0,0,0,0,0,,1,0,0,0,0,0,0,0,0,0,,1,,14,2,,2,,,,,,,,,2,1,1,1,1,1,0,0,1,0,0,0,0,1,0,1,0,0,0,1,1,1,1
394,2,500,0,0,0,0,1,0,0,0,0,0,0,,1,0,0,0,0,0,0,0,0,0,,5,,40,3,,1,1,1,0,0,0,1,1,,2,2,1,1,1,1,1,0,1,0,1,0,0,1,0,1,0,0,0,0,0,1,0
76,2,1500,0,0,0,0,1,0,0,0,0,0,0,,1,0,0,0,0,0,0,0,0,0,,1,,40,3,,1,0,1,0,0,0,2,2,,1,1,1,1,0,1,0,0,1,0,1,0,0,1,1,1,1,1,0,1,1,1,1
424,2,350,0,0,0,0,1,0,0,0,0,0,0,,1,0,0,0,0,0,0,0,0,0,,2,,120,3,,1,1,1,0,0,1,2,4,,2,2,1,1,1,1,0,0,1,0,1,0,0,1,0,0,0,0,0,0,0,0,0
332,2,567,0,0,1,0,0,0,0,0,0,0,0,,1,0,0,0,0,0,0,0,0,0,,2,,50,3,,2,,,,,,,,,2,2,1,1,1,1,0,0,0,1,1,0,0,1,0,1,0,0,1,0,0,0,1
210,2,6000,0,0,0,0,1,0,0,0,0,0,0,,1,0,0,0,0,0,0,0,0,0,,1,,0,1,,1,1,1,0,0,1,2,1,,1,1,1,1,1,1,1,0,1,1,0,0,0,1,0,1,1,1,1,1,1,1,1
188,2,1600,0,0,0,0,1,0,0,0,0,0,0,,1,0,0,0,0,0,0,0,0,0,,1,,14,3,,1,1,1,0,0,0,1,1,,2,2,2,,,,,,,,,,,1,0,1,0,0,0,0,0,1,1
706,2,6000,0,0,1,0,0,0,0,0,0,0,0,,0,0,0,0,0,0,1,0,0,0,,1,,0,1,,1,1,1,0,0,0,1,1,,1,1,1,1,1,1,1,0,1,0,1,0,0,1,0,1,0,0,0,1,0,1,1
52,2,3000,0,0,0,0,0,0,0,1,0,0,0,,0,0,1,0,0,0,0,0,0,0,,5,,80,3,,1,1,0,0,0,0,1,1,,2,2,2,,,,,,,,,,,1,0,1,1,0,0,0,0,0,0
246,2,2000,0,0,0,0,1,0,0,0,0,0,0,,1,0,0,0,0,0,0,0,0,0,"EXODE",3,,15,3,,2,,,,,,,,,2,2,1,1,1,1,0,0,0,1,0,0,0,1,0,1,0,0,0,0,0,0,1
116,2,2970,0,0,0,0,1,0,0,0,0,0,0,,1,0,0,0,0,0,0,0,0,0,,1,,22,2,,1,1,1,0,0,0,1,1,,1,2,1,1,0,1,0,0,1,0,1,0,0,1,1,1,1,0,0,1,0,1,1
112,2,203,0,0,0,0,0,0,1,0,0,0,0,,1,0,0,0,0,0,0,0,0,0,,1,,21,3,,1,1,0,0,0,1,1,1,,2,2,1,1,1,1,0,0,1,0,1,0,0,1,0,0,0,0,0,1,0,0,0
126,2,1107,0,0,1,0,0,0,0,0,0,0,0,,1,0,0,0,0,0,0,0,0,0,,5,,7,2,,1,1,1,0,0,1,2,1,,2,2,1,1,1,1,1,0,1,0,1,0,0,1,0,1,1,1,0,1,0,0,1
148,2,380,0,0,1,0,0,0,0,0,0,0,0,,1,0,0,0,0,0,0,0,0,0,,1,,3,3,,2,,,,,,,,,2,1,1,1,1,1,1,0,1,1,0,0,0,1,0,1,0,0,0,0,0,0,1
406,2,1200,0,0,0,0,1,0,0,0,0,0,0,,1,0,0,0,0,0,0,0,0,0,,1,,10,2,,2,,,,,,,,,2,2,1,1,0,1,0,0,1,0,1,0,0,1,1,1,1,0,0,1,0,1,1
134,2,964,0,0,1,0,0,0,0,0,0,0,0,,1,0,0,0,0,0,0,0,0,0,,3,,45,3,,1,1,0,0,0,1,1,1,,2,2,1,1,0,1,0,0,1,0,1,0,0,1,1,1,1,1,0,1,1,1,1
180,2,800,0,0,0,0,1,0,0,0,0,0,0,,1,0,0,0,0,0,0,0,0,0,,1,,15,2,,2,,,,,,,,,2,1,1,1,1,1,0,1,1,0,1,0,0,1,0,0,0,0,0,1,0,0,1
146,2,1760,0,0,0,0,1,0,0,0,0,0,0,,1,0,0,0,0,0,0,0,0,0,,5,,47,3,,1,1,0,0,1,1,1,1,,2,2,1,1,1,1,0,0,1,1,0,0,0,1,0,1,1,0,0,1,1,0,1
94,2,600,1,0,0,0,0,0,0,0,0,0,0,,0,0,0,1,0,0,0,0,0,0,,7,"VILLAGE SUR SOMMET DE DUNE",30,3,,1,0,1,0,0,0,2,3,,2,2,1,1,1,1,1,1,1,0,0,0,0,1,0,1,0,0,0,0,0,0,0
376,2,350,0,0,0,0,1,0,0,0,0,0,0,,1,0,0,0,0,0,0,0,0,0,,2,,44,3,,1,1,1,0,0,0,1,3,,2,2,1,1,1,0,0,1,1,1,0,0,0,1,0,0,0,0,0,0,0,0,0
396,2,600,0,0,0,0,1,0,0,0,0,0,0,,1,0,0,0,0,0,0,0,0,0,,5,,30,3,,1,1,1,0,0,0,2,3,,2,2,1,1,0,0,0,0,1,0,0,0,0,1,0,1,0,0,0,0,0,1,0
362,2,2000,0,0,0,0,0,0,1,0,0,0,0,,0,0,0,1,0,0,0,0,0,0,,2,,30,3,,1,0,1,0,0,0,2,4,,2,2,2,,,,,,,,,,,1,0,1,0,0,0,1,0,0,1
492,2,15700,0,0,1,0,0,0,0,0,0,0,0,,0,0,0,0,0,0,1,0,0,0,,1,,0,1,,1,0,1,0,0,0,2,1,,1,1,1,1,1,1,1,0,1,0,1,0,0,1,1,1,1,1,1,1,1,1,1
292,2,2000,0,0,0,0,0,0,0,1,0,0,0,,1,0,0,0,0,0,0,0,0,0,,4,,60,3,,1,1,1,0,0,1,2,4,,2,2,1,1,0,1,0,0,1,0,1,0,0,1,1,0,0,0,0,0,0,0,0
709,2,750,0,0,1,0,0,0,0,0,0,0,0,,1,0,0,0,0,0,0,0,0,0,,4,,0,1,,1,0,1,0,0,0,2,1,,1,1,1,1,1,1,1,0,1,0,1,0,0,1,1,1,1,1,1,1,1,0,1
216,2,1000,0,0,0,0,1,0,0,0,0,0,0,,1,0,0,0,0,0,0,0,0,0,,1,,20,2,,1,1,1,0,0,0,1,3,,2,2,1,1,1,1,0,0,1,1,0,0,0,1,1,1,0,0,0,0,1,1,1
92,2,800,0,0,0,0,0,0,0,0,1,0,0,,0,0,0,1,0,0,0,0,0,0,,7,"SOMMET DE DUNE",70,3,,1,0,1,0,0,0,2,4,,2,2,1,0,0,0,0,1,0,0,0,0,1,1,0,1,0,0,0,0,0,0,0
168,2,1800,0,0,0,0,1,0,0,0,0,0,0,,1,0,0,0,0,0,0,0,0,0,,4,,18,3,,1,1,1,0,0,1,1,1,,2,2,1,1,0,0,0,0,1,0,0,0,0,1,0,1,1,1,0,1,0,0,1
82,2,5000,0,0,0,0,0,0,1,0,0,0,0,,0,0,0,1,0,0,0,0,0,0,,2,,18,3,,1,0,1,0,0,1,2,3,,2,2,1,1,1,0,0,0,,,,,,1,1,0,0,0,0,0,1,1,0
380,2,23218,0,0,0,0,0,1,0,0,0,0,0,,0,0,0,0,0,0,1,0,0,0,,1,,55,2,,1,1,1,0,0,1,2,1,,1,1,1,1,0,1,1,0,0,0,1,1,0,1,1,1,1,1,1,1,1,1,1
214,2,1000,0,0,0,0,1,0,0,0,0,0,0,,1,0,0,0,0,0,0,0,0,0,,1,,45,3,,1,1,0,0,0,1,1,1,,2,2,1,1,1,0,0,0,1,1,0,0,0,1,0,1,0,0,0,1,0,0,1
486,2,500,0,0,1,0,0,0,0,0,0,0,0,,0,0,0,0,0,0,1,0,0,0,,3,,2,2,,1,1,1,0,0,0,1,1,,1,1,1,1,1,1,1,0,1,1,0,0,0,1,1,1,1,0,0,0,1,1,1
426,2,700,0,0,0,0,1,0,0,0,0,0,0,,0,0,0,0,0,0,1,0,0,0,,2,,55,3,,1,1,1,0,0,1,1,1,,2,2,1,1,1,1,0,0,1,0,1,0,0,1,0,1,0,0,0,0,0,0,0
293,2,600,0,0,0,0,0,0,0,1,0,0,0,,1,0,0,0,0,0,0,0,0,0,,3,,55,3,,1,1,1,0,0,1,2,4,,2,2,2,,,,,,,,,,,1,1,1,0,0,0,0,0,0,1
236,2,215,0,0,0,0,0,0,0,1,0,0,0,,0,0,0,1,0,0,0,0,0,0,,5,,55,3,,1,1,1,0,0,1,2,4,,2,2,1,1,0,1,0,0,1,0,1,0,0,1,0,0,0,0,0,0,0,0,0
120,2,1800,0,0,0,0,1,0,0,0,0,0,0,,1,0,0,0,0,0,0,0,0,0,,1,,6,3,,1,0,1,0,0,0,2,4,,2,2,1,1,1,1,0,0,1,0,1,0,0,1,1,1,1,0,0,0,0,0,1
308,2,1030,0,0,0,0,1,0,0,0,0,0,0,,1,0,0,0,0,0,0,0,0,0,,3,,42,2,,1,0,1,0,0,0,2,3,,2,2,1,1,1,1,0,0,1,1,0,0,0,1,0,1,0,0,0,0,0,1,1
398,2,500,0,0,0,0,1,0,0,0,0,0,0,,1,0,0,0,0,0,0,0,0,0,,2,,33,2,,1,1,1,0,0,0,1,1,,2,2,1,1,0,0,0,0,1,0,0,0,0,1,0,1,0,0,0,0,1,1,0
226,2,3000,0,0,0,0,1,0,0,0,0,0,0,,1,0,0,0,0,0,0,0,0,0,,1,,30,2,,1,1,1,0,0,1,2,3,,2,1,1,0,1,1,0,0,1,1,0,0,0,1,0,1,1,0,0,1,1,1,1
228,2,3000,0,0,0,0,1,0,0,0,0,0,0,,1,0,0,0,0,0,0,0,0,0,,1,,30,2,,1,1,1,0,0,1,2,3,,2,1,1,0,1,1,0,0,1,1,0,0,0,1,0,1,1,0,0,1,1,1,1
230,2,3000,0,0,0,0,1,0,0,0,0,0,0,,1,0,0,0,0,0,0,0,0,0,,1,,30,2,,1,1,1,0,0,1,2,3,,2,1,1,0,1,1,0,0,1,1,0,0,0,1,0,1,1,0,0,1,1,1,1
248,2,2200,0,0,0,0,1,0,0,0,0,0,0,,1,0,0,0,0,0,0,0,0,0,"EXODE",3,,20,3,,1,1,0,0,0,1,1,3,,2,1,1,1,1,1,0,0,1,1,0,0,0,1,1,1,0,0,0,1,1,1,1
440,2,15000,0,0,1,0,0,0,0,0,0,0,0,,0,0,0,0,0,0,0,1,0,0,,3,,0,2,,1,1,1,0,0,0,2,1,,1,1,1,1,1,1,1,1,1,0,1,0,0,1,0,1,0,0,0,0,1,1,1
442,2,15000,0,0,1,0,0,0,0,0,0,0,0,,0,0,0,0,0,0,0,1,0,0,,3,,0,2,,1,1,1,0,0,0,2,1,,1,1,1,1,1,1,1,1,1,0,1,0,0,1,0,1,0,0,0,0,1,1,1
444,2,15000,0,0,1,0,0,0,0,0,0,0,0,,0,0,0,0,0,0,0,1,0,0,,3,,0,2,,1,1,1,0,0,0,2,1,,1,1,1,1,1,1,1,1,1,0,1,0,0,1,0,1,0,0,0,0,1,1,1
446,2,15000,0,0,1,0,0,0,0,0,0,0,0,,0,0,0,0,0,0,0,1,0,0,,3,,0,2,,1,1,1,0,0,0,2,1,,1,1,1,1,1,1,1,1,1,0,1,0,0,1,0,1,0,0,0,0,1,1,1
448,2,15000,0,0,1,0,0,0,0,0,0,0,0,,0,0,0,0,0,0,0,1,0,0,,3,,0,2,,1,1,1,0,0,0,2,1,,1,1,1,1,1,1,1,1,1,0,1,0,0,1,0,1,0,0,0,0,1,1,1
452,2,15000,0,0,1,0,0,0,0,0,0,0,0,,0,0,0,0,0,0,0,1,0,0,,3,,0,2,,1,1,1,0,0,0,2,1,,1,1,1,1,1,1,1,1,1,0,1,0,0,1,0,1,0,0,0,0,1,1,1
